,JPY BGN ,GBP BGN ,SEK BGN ,AUD BGN,CAD BGN,JPYEUR BGN,GBPEUR BGN ,SEKEUR BGN 
2012/1/3,77.64,1.5514,6.902,1.0234,1.0189,1.01192,1.2001,0.11299
2012/1/4,76.91,1.5649,6.8243,1.0378,1.0104,0.99997,1.1943,0.11277
2012/1/5,76.9,1.562,6.8379,1.0369,1.0127,1.00395,1.2045,0.11327
2012/1/6,76.74,1.5495,6.9341,1.0264,1.0198,0.9977,1.1963,0.11358
2012/1/9,76.72,1.5426,6.9418,1.0228,1.0284,0.98768,1.1987,0.11348
2012/1/10,77.12,1.5458,6.8971,1.024,1.0235,0.98094,1.1947,0.11341
2012/1/11,76.97,1.5484,6.8966,1.0314,1.0154,0.98495,1.1969,0.11263
2012/1/12,76.86,1.5329,6.9391,1.031,1.0196,0.98624,1.1898,0.1128
2012/1/13,76.85,1.5333,6.9299,1.0333,1.0191,0.99676,1.1953,0.11304
2012/1/16,76.85,1.5318,6.9919,1.0322,1.0232,1.00218,1.2045,0.11333
2012/1/17,76.76,1.5325,6.984,1.0314,1.0179,0.99695,1.203,0.11359
2012/1/18,76.97,1.5335,6.9273,1.0376,1.0151,0.99821,1.2026,0.11425
2012/1/19,76.78,1.5438,6.8437,1.0437,1.0112,0.9921,1.2021,0.114
2012/1/20,76.83,1.5488,6.7496,1.0419,1.0108,0.99491,1.2049,0.11391
2012/1/23,76.82,1.5576,6.7826,1.0484,1.0132,0.98239,1.1988,0.11354
2012/1/24,77.11,1.5567,6.7445,1.0525,1.0086,0.9789,1.1929,0.11317
2012/1/25,77.01,1.5626,6.7558,1.0492,1.009,0.96913,1.1906,0.11244
2012/1/26,77.02,1.5658,6.7424,1.0597,1.0043,0.97625,1.1938,0.11218
2012/1/27,77.67,1.569,6.7851,1.0632,1.0018,0.9776,1.1957,0.11284
2012/1/30,77.78,1.5729,6.7431,1.0658,1.0018,0.97069,1.1949,0.11239
2012/1/31,77.45,1.571,6.7419,1.0599,1.0015,0.97577,1.201,0.11282
2012/2/1,76.7,1.576,6.8,1.0621,1.0026,0.96482,1.2033,0.11286
2012/2/2,76.35,1.5834,6.7349,1.0705,0.9986,0.9566,1.2046,0.11383
2012/2/3,76.27,1.5806,6.7414,1.0712,0.9993,0.94822,1.1969,0.11329
2012/2/6,76.2,1.5815,6.6783,1.0771,0.9934,0.94747,1.1922,0.11323
2012/2/7,76.22,1.5821,6.723,1.0726,0.996,0.94001,1.1827,0.11359
2012/2/8,76.6,1.5896,6.6597,1.0809,0.9944,0.93477,1.1774,0.11356
2012/2/9,76.55,1.5818,6.639,1.0799,0.996,0.91566,1.1802,0.11374
2012/2/10,76.76,1.5818,6.6283,1.0785,0.9947,0.92594,1.1811,0.11379
2012/2/13,77.04,1.5755,6.6618,1.0673,1.0014,0.9235,1.1816,0.11397
2012/2/14,77.67,1.5767,6.6643,1.0732,0.9997,0.92487,1.1944,0.11382
2012/2/15,77.61,1.5692,6.6805,1.0691,0.9991,0.92616,1.1986,0.11328
2012/2/16,77.57,1.5693,6.724,1.0697,1,0.926,1.1996,0.11313
2012/2/17,78.44,1.58,6.7227,1.0755,0.9966,0.92769,1.2004,0.11349
2012/2/20,78.43,1.5827,6.7275,1.0706,0.9968,0.94274,1.1986,0.11351
2012/2/21,78.94,1.5851,6.6533,1.0756,0.9935,0.93783,1.1972,0.11332
2012/2/22,79.55,1.5778,6.657,1.0663,0.9969,0.92366,1.1926,0.11302
2012/2/23,79.63,1.5669,6.6609,1.0638,0.9998,0.92387,1.1944,0.1134
2012/2/24,79.74,1.5745,6.616,1.0717,0.9975,0.92437,1.189,0.11316
2012/2/27,80.29,1.5875,6.558,1.0694,0.9993,0.92144,1.2004,0.11338
2012/2/28,80,1.5824,6.5957,1.0758,0.999,0.91638,1.2028,0.11337
2012/2/29,81.2,1.5901,6.5513,1.0766,0.9953,0.91481,1.2011,0.11342
2012/3/1,80.61,1.5917,6.6194,1.0732,0.9899,0.90968,1.2026,0.11345
2012/3/2,80.46,1.5957,6.6246,1.0809,0.9855,0.9063,1.2005,0.11292
2012/3/5,81.15,1.5835,6.6782,1.0733,0.9893,0.90325,1.1995,0.1122
2012/3/6,81.12,1.5865,6.7001,1.0671,0.9946,0.90719,1.201,0.11217
2012/3/7,81.81,1.5717,6.797,1.0553,1.0019,0.91783,1.1985,0.1124
2012/3/8,81.56,1.5742,6.7797,1.0583,0.9974,0.91518,1.1959,0.11201
2012/3/9,80.89,1.5831,6.7022,1.0644,0.9902,0.90373,1.1955,0.11172
2012/3/12,81.09,1.5674,6.8027,1.0576,0.9905,0.90277,1.198,0.11287
2012/3/13,81.56,1.5641,6.8041,1.0516,0.9924,0.90584,1.1931,0.112
2012/3/14,82.46,1.5705,6.7723,1.0553,0.9886,0.91177,1.1997,0.11263
2012/3/15,82.23,1.5675,6.8505,1.0453,0.9926,0.90449,1.1999,0.11255
2012/3/16,82.94,1.5711,6.7881,1.0525,0.9918,0.91467,1.203,0.11249
2012/3/19,83.73,1.5844,6.7438,1.059,0.9917,0.91251,1.2025,0.11218
2012/3/20,83.57,1.5894,6.715,1.0607,0.9869,0.92271,1.2091,0.11264
2012/3/21,83.43,1.5863,6.7406,1.048,0.9915,0.92921,1.2114,0.11188
2012/3/22,83.35,1.5873,6.7176,1.0459,0.9922,0.93531,1.212,0.11192
2012/3/23,83.7,1.5821,6.7699,1.0389,0.9993,0.9363,1.2126,0.1123
2012/3/26,83.41,1.5869,6.7333,1.0467,0.9978,0.94755,1.2126,0.11231
2012/3/27,82.54,1.5971,6.665,1.0534,0.9906,0.94342,1.2134,0.11276
2012/3/28,82.35,1.5951,6.6878,1.046,0.9948,0.93755,1.2102,0.1128
2012/3/29,82.82,1.5889,6.6594,1.0389,0.9983,0.94496,1.2118,0.11331
2012/3/30,83.17,1.5958,6.6646,1.0383,0.9964,0.94637,1.2099,0.11368
2012/4/2,82.9,1.6008,6.6147,1.0346,0.9987,0.94229,1.2131,0.11378
2012/4/3,82.46,1.6024,6.6052,1.0419,0.9906,0.93786,1.2209,0.11363
2012/4/4,82.87,1.5913,6.6414,1.0331,0.9911,0.93279,1.2218,0.11334
2012/4/5,82.08,1.589,6.6961,1.027,0.9963,0.92797,1.2196,0.11309
2012/4/6,82.81,1.5828,6.7528,1.0299,0.9931,0.93626,1.2262,0.11294
2012/4/9,82.46,1.5871,6.7522,1.0307,0.9972,0.93186,1.2232,0.11233
2012/4/10,82.37,1.5892,6.7558,1.0313,0.9976,0.93016,1.2229,0.11217
2012/4/11,81.64,1.5862,6.805,1.0251,1.0045,0.9338,1.2243,0.11241
2012/4/12,81.49,1.5907,6.8,1.03,1.0038,0.93986,1.2271,0.11262
2012/4/13,80.67,1.596,6.7459,1.0438,0.9943,0.94632,1.2262,0.11248
2012/4/16,80.86,1.5847,6.7897,1.037,0.9997,0.94324,1.2254,0.11253
2012/4/17,80.89,1.59,6.7652,1.0356,0.9994,0.94829,1.2311,0.11296
2012/4/18,80.93,1.5924,6.7698,1.039,0.9902,0.94821,1.23,0.1131
2012/4/19,80.41,1.6023,6.7457,1.0359,0.9912,0.9571,1.2344,0.11314
2012/4/20,80.85,1.6052,6.7303,1.0331,0.9957,0.95902,1.2406,0.11251
2012/4/23,81.26,1.6122,6.6864,1.038,0.9924,0.96269,1.2424,0.11248
2012/4/24,81.61,1.6132,6.756,1.0319,0.9913,0.97126,1.2475,0.11252
2012/4/25,81.52,1.6144,6.7367,1.0315,0.9871,0.96719,1.2482,0.11262
2012/4/26,81.18,1.6163,6.7241,1.0353,0.9833,0.96839,1.244,0.11233
2012/4/27,81.32,1.6186,6.7169,1.039,0.9843,0.97662,1.2549,0.11235
2012/4/30,81.34,1.6265,6.7153,1.0471,0.9804,0.97974,1.2564,0.11233
2012/5/1,80.99,1.6234,6.7232,1.0429,0.9872,0.97892,1.2511,0.11278
2012/5/2,80.27,1.6221,6.7254,1.0334,0.9854,0.99334,1.244,0.11256
2012/5/3,79.82,1.62,6.7385,1.0333,0.9863,0.99,1.2375,0.11212
2012/5/4,80.09,1.6178,6.7549,1.0264,0.9885,0.98372,1.2353,0.11225
2012/5/7,80.14,1.6151,6.8171,1.0182,0.9961,0.98599,1.2427,0.11218
2012/5/8,80.18,1.619,6.826,1.0197,0.9931,0.99998,1.2471,0.11232
2012/5/9,79.85,1.6158,6.8541,1.0121,0.9987,1.0024,1.2504,0.11133
2012/5/10,79.92,1.6128,6.8864,1.0051,1.0026,1.00251,1.2512,0.11131
2012/5/11,79.87,1.6146,6.9434,1.0082,1.0021,1.00334,1.2505,0.11057
2012/5/14,79.64,1.6069,6.9553,1.002,1.0005,1.00621,1.251,0.1095
2012/5/15,79.93,1.6092,7.0532,0.9958,1.0037,1.02263,1.2516,0.10961
2012/5/16,79.94,1.5993,7.1742,0.9937,1.0072,1.03276,1.2458,0.10928
2012/5/17,79.85,1.591,7.1741,0.9914,1.0122,1.03084,1.2355,0.10956
2012/5/18,80.18,1.5797,7.2068,0.9888,1.0196,1.02118,1.2307,0.10971
2012/5/21,80.33,1.5817,7.1408,0.9844,1.0222,1.01983,1.2354,0.11004
2012/5/22,79.28,1.5835,7.1112,0.9915,1.0175,1.00368,1.2317,0.11087
2012/5/23,79.02,1.5762,7.1649,0.981,1.0205,0.99981,1.2362,0.11099
2012/5/24,79.31,1.5692,7.1683,0.9746,1.0252,1.00541,1.236,0.11141
2012/5/25,79.96,1.5671,7.189,0.9763,1.0269,1.00845,1.2406,0.11133
2012/5/28,79.47,1.5666,7.1769,0.9758,1.0293,1.00573,1.2452,0.1111
2012/5/29,79.6,1.5682,7.1621,0.9852,1.0239,1.00192,1.2348,0.11129
2012/5/30,79.68,1.5641,7.199,0.9848,1.0221,0.99755,1.2318,0.11126
2012/5/31,79.47,1.5478,7.2656,0.9704,1.0301,1.00522,1.2434,0.11093
2012/6/1,79.49,1.5405,7.2684,0.9734,1.0328,1.00502,1.2457,0.11154
2012/6/4,79.07,1.5363,7.2499,0.9701,1.041,0.99851,1.2396,0.11144
2012/6/5,78.32,1.5384,7.1729,0.9728,1.0394,0.98942,1.2369,0.1111
2012/6/6,78.02,1.5383,7.2061,0.9742,1.0381,0.99329,1.2434,0.11144
2012/6/7,78.34,1.5497,7.1544,0.9927,1.0276,0.98918,1.24,0.1121
2012/6/8,78.75,1.5528,7.14,0.9894,1.0279,1.00375,1.2455,0.1124
2012/6/11,79.19,1.5474,7.1271,0.9916,1.0266,1.00665,1.252,0.11308
2012/6/12,79.63,1.5486,7.1271,0.9864,1.0317,1.00592,1.2486,0.11321
2012/6/13,79.49,1.557,7.0724,0.9959,1.0264,1.01141,1.2471,0.11292
2012/6/14,79.44,1.5505,7.0343,0.9934,1.0303,0.98957,1.2401,0.11303
2012/6/15,79.53,1.5563,7.0096,1.0024,1.0226,1.00014,1.2479,0.11324
2012/6/18,79.48,1.5715,7.0003,1.0075,1.0217,0.99405,1.2444,0.11315
2012/6/19,79.35,1.5666,7.0219,1.0124,1.0243,0.99948,1.2445,0.11324
2012/6/20,78.73,1.5725,6.9671,1.0188,1.0178,1.00977,1.2529,0.11343
2012/6/21,79.11,1.5718,6.9492,1.0194,1.0183,1.02145,1.2602,0.11351
2012/6/22,78.95,1.5592,7.0309,1.0034,1.0297,1.02074,1.2611,0.11323
2012/6/25,79.54,1.5588,7.0084,1.0064,1.0246,1.02776,1.2669,0.11329
2012/6/26,80.28,1.5574,7.0624,1.0011,1.0292,1.02441,1.2665,0.1138
2012/6/27,80.43,1.5642,7.066,1.0064,1.0238,1.03321,1.2642,0.11398
2012/6/28,79.66,1.5568,7.0478,1.008,1.0249,1.03069,1.2715,0.11408
2012/6/29,79.52,1.5519,7.0508,1.0045,1.0332,1.03319,1.2741,0.11479
2012/7/2,79.72,1.5707,6.9224,1.0238,1.0166,1.02876,1.2735,0.11445
2012/7/3,79.46,1.5691,6.927,1.0249,1.0171,1.03312,1.2743,0.11552
2012/7/4,79.79,1.5689,6.9301,1.0283,1.0122,1.03616,1.2804,0.11585
2012/7/5,79.51,1.5589,6.91,1.0276,1.013,1.04803,1.285,0.11592
2012/7/6,79.79,1.5525,6.9657,1.0287,1.0142,1.05295,1.2799,0.11593
2012/7/9,79.88,1.5495,7.02,1.0213,1.0196,1.06037,1.2857,0.11689
2012/7/10,79.92,1.5527,7.0068,1.0208,1.0192,1.05236,1.2746,0.11673
2012/7/11,79.66,1.552,6.9834,1.0192,1.0226,1.04082,1.2772,0.11656
2012/7/12,79.56,1.5501,6.9988,1.0251,1.0198,1.03483,1.2782,0.1161
2012/7/13,79.43,1.5428,7.0302,1.0139,1.0191,1.04337,1.2814,0.11572
2012/7/16,79.76,1.5575,7.0319,1.0226,1.0141,1.04051,1.2743,0.11685
2012/7/17,79.31,1.5637,7.0416,1.0249,1.015,1.04278,1.2707,0.1174
2012/7/18,79.18,1.5654,6.9612,1.0316,1.012,1.04945,1.2737,0.11768
2012/7/19,78.87,1.5653,6.9345,1.0363,1.0102,1.02887,1.2628,0.11846
2012/7/20,79.06,1.5725,6.9204,1.0427,1.0074,1.0306,1.2582,0.11904
2012/7/23,78.8,1.5623,6.9426,1.0378,1.0125,1.02604,1.2599,0.1188
2012/7/24,78.59,1.5507,6.9332,1.0259,1.0188,1.03109,1.2662,0.11806
2012/7/25,78.49,1.5506,6.9795,1.0221,1.0221,1.03432,1.2708,0.1185
2012/7/26,78.4,1.5498,6.9666,1.0307,1.0155,1.0397,1.2767,0.1182
2012/7/27,78.18,1.5687,6.8716,1.0397,1.0102,1.03532,1.2718,0.12018
2012/7/30,78.16,1.5748,6.8665,1.0483,1.0033,1.03086,1.2723,0.11954
2012/7/31,78.21,1.571,6.787,1.0503,1.0016,1.03008,1.276,0.12027
2012/8/1,78.46,1.5678,6.7988,1.0503,1.0031,1.01989,1.2733,0.12058
2012/8/2,78.18,1.5536,6.8038,1.0461,1.0056,1.01906,1.2728,0.12037
2012/8/3,78.12,1.5515,6.8087,1.0465,1.0074,1.01992,1.2728,0.12014
2012/8/6,78.44,1.564,6.7063,1.0569,1.0013,1.01124,1.2658,0.11991
2012/8/7,78.24,1.5603,6.7121,1.0569,1.0002,1.01575,1.2676,0.12096
2012/8/8,78.47,1.5621,6.7263,1.0554,0.997,1.01396,1.2623,0.12156
2012/8/9,78.25,1.5656,6.686,1.0571,0.9942,1.01635,1.2637,0.12223
2012/8/10,78.61,1.5638,6.6871,1.058,0.9911,1.01602,1.2636,0.12083
2012/8/13,78.43,1.569,6.6575,1.0577,0.9911,1.01371,1.259,0.12114
2012/8/14,78.57,1.5684,6.711,1.0517,0.9926,1.01402,1.2636,0.12182
2012/8/15,78.28,1.5677,6.6997,1.0489,0.9923,1.01701,1.2622,0.12092
2012/8/16,78.32,1.5683,6.6788,1.0505,0.9894,1.01456,1.2616,0.12157
2012/8/17,78.74,1.5733,6.6932,1.0511,0.9866,1.01471,1.2615,0.12133
2012/8/20,78.99,1.5697,6.6688,1.042,0.9893,1.01496,1.2639,0.12044
2012/8/21,79.35,1.5712,6.6759,1.0444,0.9884,1.01239,1.262,0.12026
2012/8/22,79.56,1.5787,6.6575,1.0487,0.9892,1.00393,1.2614,0.1207
2012/8/23,79.43,1.5881,6.6367,1.0505,0.9914,0.99743,1.2489,0.121
2012/8/24,79.29,1.5861,6.5938,1.0441,0.9939,1.00124,1.2532,0.12125
2012/8/27,78.58,1.581,6.6054,1.0403,0.9923,1.00031,1.2502,0.1204
2012/8/28,78.49,1.5794,6.5983,1.0369,0.9907,0.99577,1.2487,0.11978
2012/8/29,78.67,1.5819,6.6105,1.0377,0.9882,0.99356,1.2438,0.11954
2012/8/30,78.74,1.5833,6.6632,1.0352,0.9894,0.97162,1.2352,0.12001
2012/8/31,78.51,1.5785,6.6892,1.0289,0.9925,0.96871,1.2389,0.11868
2012/9/3,78.71,1.5866,6.6261,1.0322,0.9863,0.97246,1.2452,0.11848
2012/9/4,78.63,1.5886,6.6884,1.0246,0.9858,0.97776,1.2431,0.11792
2012/9/5,78.39,1.587,6.7169,1.0225,0.9859,0.98553,1.2504,0.11735
2012/9/6,78.26,1.5902,6.7294,1.0193,0.9905,0.98558,1.2503,0.11829
2012/9/7,78.43,1.5932,6.7465,1.0284,0.9827,0.99338,1.2543,0.1181
2012/9/10,78.39,1.601,6.5963,1.0385,0.9786,0.9964,1.2549,0.11771
2012/9/11,78.86,1.599,6.6383,1.0335,0.9776,0.99928,1.2558,0.11804
2012/9/12,78.24,1.607,6.609,1.0434,0.973,0.9979,1.2573,0.11715
2012/9/13,78.29,1.6107,6.5671,1.0466,0.9762,0.9973,1.2573,0.11621
2012/9/14,77.77,1.6155,6.5712,1.0547,0.9685,0.99477,1.2515,0.11596
2012/9/17,77.86,1.6217,6.5542,1.0551,0.9714,0.99037,1.2487,0.11714
2012/9/18,77.49,1.6251,6.5742,1.0476,0.9748,0.98721,1.2457,0.11772
2012/9/19,78.39,1.6244,6.5426,1.0457,0.9742,0.97876,1.2437,0.11819
2012/9/20,78.71,1.6222,6.51,1.048,0.9745,0.97443,1.2375,0.11738
2012/9/21,78.82,1.6215,6.5239,1.0436,0.9769,0.98442,1.2358,0.1179
2012/9/24,78.38,1.623,6.5619,1.0458,0.9764,0.9918,1.242,0.11798
2012/9/25,78.24,1.6219,6.5595,1.0425,0.9787,0.99345,1.2432,0.11786
2012/9/26,78.17,1.6188,6.5703,1.039,0.9806,0.98748,1.2411,0.11866
2012/9/27,77.85,1.6165,6.5911,1.0371,0.9855,0.9843,1.241,0.11845
2012/9/28,77.8,1.6235,6.5268,1.0442,0.9806,0.98195,1.2411,0.11768
2012/10/1,77.75,1.6167,6.565,1.0378,0.9837,0.97106,1.2341,0.11713
2012/10/2,77.61,1.613,6.5937,1.0361,0.9823,0.96563,1.2309,0.1159
2012/10/3,77.96,1.6134,6.6081,1.0267,0.9841,0.96537,1.2279,0.11632
2012/10/4,77.99,1.6076,6.6856,1.0216,0.9876,0.96823,1.2289,0.11608
2012/10/5,78.16,1.6191,6.6041,1.0241,0.9804,0.95775,1.2262,0.11615
2012/10/8,78.49,1.6136,6.6057,1.0187,0.9786,0.96439,1.2285,0.11589
2012/10/9,78.48,1.6027,6.639,1.019,0.9769,0.96589,1.2363,0.11594
2012/10/10,78.67,1.6003,6.6965,1.0205,0.9783,0.96286,1.2462,0.11542
2012/10/11,78.33,1.6006,6.7006,1.0234,0.9818,0.97042,1.2449,0.11528
2012/10/12,78.26,1.6045,6.7021,1.0264,0.9786,0.97109,1.2423,0.11595
2012/10/15,78.18,1.6072,6.6975,1.0233,0.9802,0.96901,1.2401,0.11591
2012/10/16,78.34,1.6071,6.6605,1.0253,0.9807,0.96733,1.2446,0.11567
2012/10/17,78.44,1.6111,6.6092,1.0275,0.9866,0.96416,1.2463,0.11657
2012/10/18,78.65,1.6149,6.589,1.0383,0.9779,0.96841,1.2483,0.11665
2012/10/19,78.89,1.6044,6.5652,1.0366,0.9853,0.97341,1.2488,0.11611
2012/10/22,78.93,1.6004,6.5826,1.0331,0.9936,0.97104,1.2483,0.11585
2012/10/23,79.28,1.6016,6.5945,1.032,0.9922,0.97887,1.2517,0.11533
2012/10/24,79.32,1.5953,6.6473,1.0265,0.9924,0.98714,1.2539,0.11521
2012/10/25,79.94,1.6038,6.6836,1.0356,0.9936,0.9895,1.2503,0.11534
2012/10/26,79.85,1.6118,6.7109,1.0347,0.9948,0.98974,1.2493,0.11596
2012/10/29,79.81,1.6105,6.7003,1.0373,0.9969,0.99156,1.2493,0.11613
2012/10/30,80.3,1.6033,6.6829,1.0332,1.001,0.97843,1.2438,0.1163
2012/10/31,79.65,1.6073,6.6453,1.0365,0.9994,0.9639,1.2414,0.11619
2012/11/1,79.8,1.6129,6.6346,1.0376,0.9994,0.96524,1.2464,0.1162
2012/11/2,79.63,1.613,6.6498,1.0401,0.9965,0.95858,1.2415,0.1168
2012/11/5,79.77,1.6021,6.7062,1.0337,0.9958,0.95519,1.2426,0.11669
2012/11/6,80.12,1.5979,6.6913,1.0365,0.9964,0.94456,1.2435,0.11706
2012/11/7,80.43,1.5997,6.6878,1.0435,0.9921,0.94122,1.237,0.11758
2012/11/8,80.29,1.5985,6.6891,1.0408,0.9967,0.93536,1.2353,0.1166
2012/11/9,80.35,1.5984,6.6721,1.0405,1.0003,0.93932,1.2355,0.11645
2012/11/12,80,1.5896,6.746,1.0387,1.0016,0.94044,1.2379,0.11595
2012/11/13,79.47,1.5877,6.757,1.0428,0.9998,0.94061,1.2364,0.11572
2012/11/14,79.49,1.5871,6.7889,1.0435,1.0021,0.93828,1.2359,0.11565
2012/11/15,79.5,1.5841,6.7854,1.0376,1.0039,0.93365,1.2331,0.11557
2012/11/16,79.38,1.5867,6.766,1.0332,1.001,0.93145,1.2327,0.11603
2012/11/19,80.25,1.5883,6.7903,1.0339,1.0012,0.93247,1.2297,0.11533
2012/11/20,81.17,1.5909,6.7262,1.0412,0.9963,0.92799,1.2317,0.11602
2012/11/21,81.32,1.5927,6.7666,1.0389,0.9968,0.93592,1.2378,0.11619
2012/11/22,81.41,1.5952,6.7181,1.0369,0.9963,0.93775,1.241,0.11637
2012/11/23,81.68,1.5937,6.6798,1.039,0.9972,0.93835,1.2422,0.11663
2012/11/26,82.52,1.6028,6.6228,1.0461,0.9929,0.93181,1.2391,0.11557
2012/11/27,82.48,1.6027,6.6097,1.0465,0.9935,0.91857,1.2352,0.11611
2012/11/28,82.4,1.6022,6.6853,1.0446,0.9946,0.9142,1.2321,0.11559
2012/11/29,82.08,1.6014,6.6491,1.0476,0.9921,0.90945,1.2288,0.1156
2012/11/30,82.15,1.6041,6.6657,1.0435,0.9925,0.90555,1.2309,0.1155
2012/12/3,82.08,1.6013,6.6608,1.0428,0.9944,0.89767,1.2285,0.1158
2012/12/4,82.12,1.6091,6.633,1.0421,0.9951,0.89576,1.2283,0.116
2012/12/5,82.48,1.6101,6.5949,1.0472,0.9927,0.89474,1.2291,0.1162
2012/12/6,82.25,1.6097,6.5969,1.0456,0.9917,0.90019,1.2263,0.11581
2012/12/7,81.9,1.6051,6.6356,1.0486,0.9914,0.89288,1.2229,0.11548
2012/12/10,82.47,1.6039,6.6798,1.0488,0.9884,0.89494,1.2232,0.11569
2012/12/11,82.4,1.6075,6.6914,1.0488,0.9863,0.88315,1.2204,0.11503
2012/12/12,82.49,1.6115,6.6463,1.0528,0.9861,0.87729,1.2163,0.1145
2012/12/13,82.36,1.6149,6.6497,1.0555,0.9844,0.88056,1.2222,0.11378
2012/12/14,82.52,1.6112,6.6789,1.0528,0.9849,0.8738,1.2317,0.11413
2012/12/17,83.26,1.6174,6.6767,1.0566,0.9855,0.87353,1.2307,0.11449
2012/12/18,83.65,1.6204,6.656,1.0552,0.9835,0.86822,1.2326,0.11543
2012/12/19,83.52,1.6252,6.6028,1.0535,0.9857,0.87848,1.2343,0.11606
2012/12/20,83.89,1.6247,6.5497,1.0481,0.9888,0.86803,1.2296,0.11572
2012/12/21,84.21,1.6279,6.5057,1.0483,0.9877,0.86843,1.2286,0.11578
2012/12/24,84.41,1.6172,6.553,1.0396,0.9932,0.87818,1.2273,0.11579
2012/12/25,84.39,1.6123,6.5511,1.036,0.993,0.87104,1.2264,0.11615
2012/12/26,84.24,1.6125,6.5515,1.0359,0.9924,0.84874,1.2182,0.11614
2012/12/27,84.94,1.6138,6.5102,1.0378,0.9943,0.84032,1.209,0.1161
2012/12/28,84.77,1.61,6.5042,1.0377,0.9952,0.83518,1.2014,0.11656
2012/12/31,85.63,1.6153,6.5169,1.0373,0.997,0.8464,1.2074,0.11651
2013/1/1,86.1,1.6255,6.5032,1.0394,0.9921,0.8514,1.2045,0.11691
2013/1/2,85.96,1.6249,6.5028,1.0395,0.9934,0.83192,1.1956,0.11734
2013/1/3,86.75,1.6255,6.4866,1.0504,0.9849,0.8333,1.1915,0.11704
2013/1/4,86.7,1.6107,6.531,1.0466,0.9878,0.83824,1.1891,0.11727
2013/1/7,87.34,1.6069,6.5374,1.048,0.9872,0.8462,1.1889,0.11652
2013/1/8,87.24,1.6116,6.5011,1.0503,0.9859,0.84738,1.1898,0.11661
2013/1/9,88.15,1.6056,6.5608,1.0504,0.9867,0.82757,1.1804,0.11612
2013/1/10,87.79,1.6023,6.5638,1.0514,0.9876,0.81746,1.1737,0.11591
2013/1/11,87.05,1.6168,6.4888,1.0598,0.9832,0.818,1.1664,0.11599
2013/1/14,87.88,1.6132,6.4655,1.0535,0.9848,0.81692,1.1683,0.11563
2013/1/15,88.78,1.6078,6.4425,1.0567,0.9837,0.80927,1.1646,0.11571
2013/1/16,89.18,1.6065,6.5002,1.0565,0.9843,0.80298,1.1677,0.11515
2013/1/17,89.48,1.6007,6.5034,1.0572,0.9859,0.7902,1.1506,0.11525
2013/1/18,88.79,1.5993,6.4926,1.0546,0.9858,0.80095,1.1663,0.11498
2013/1/21,88.38,1.587,6.5147,1.051,0.9917,0.78617,1.1528,0.11532
2013/1/22,89.88,1.583,6.5335,1.0517,0.9929,0.78968,1.158,0.11521
2013/1/23,90.1,1.5839,6.509,1.0566,0.9919,0.79721,1.173,0.11516
2013/1/24,89.6,1.5845,6.5163,1.0555,0.9992,0.80686,1.1824,0.11502
2013/1/25,88.71,1.5791,6.4908,1.0451,1.0026,0.79077,1.1681,0.11577
2013/1/28,88.61,1.5799,6.4584,1.0424,1.0058,0.79511,1.1642,0.11633
2013/1/29,90.33,1.5695,6.4194,1.0418,1.0063,0.79605,1.1554,0.11608
2013/1/30,90.91,1.5763,6.371,1.0475,1.0009,0.80584,1.1596,0.11576
2013/1/31,90.86,1.5801,6.3507,1.0418,1.0014,0.80045,1.1614,0.11621
2013/2/1,90.73,1.5857,6.3617,1.0425,0.9972,0.79709,1.1583,0.11696
2013/2/4,91.08,1.5693,6.3087,1.0407,0.9965,0.7982,1.1522,0.11643
2013/2/5,91.71,1.576,6.3265,1.0438,0.9988,0.80475,1.1469,0.11622
2013/2/6,92.77,1.5659,6.3231,1.039,0.9956,0.81439,1.1565,0.11637
2013/2/7,92.38,1.5662,6.3628,1.032,0.9956,0.81156,1.1495,0.11605
2013/2/8,93.63,1.5716,6.4141,1.0282,0.9979,0.83392,1.1607,0.11667
2013/2/11,93.64,1.5801,6.4472,1.0319,1.002,0.83237,1.158,0.11676
2013/2/12,93.63,1.5659,6.393,1.0256,1.0048,0.82534,1.154,0.1183
2013/2/13,92.68,1.5663,6.3652,1.0305,1.0023,0.82747,1.1613,0.11854
2013/2/14,94.32,1.5542,6.2843,1.0371,1.0018,0.82068,1.1552,0.1184
2013/2/15,93.48,1.5494,6.3127,1.0359,1.0009,0.82118,1.1604,0.11803
2013/2/18,93.39,1.5518,6.3222,1.0305,1.0064,0.82138,1.159,0.11845
2013/2/19,92.88,1.5465,6.3459,1.0306,1.0107,0.81979,1.1583,0.11861
2013/2/20,93.5,1.5425,6.3061,1.0356,1.0112,0.80469,1.1456,0.11808
2013/2/21,93.96,1.5234,6.3474,1.0256,1.0167,0.80099,1.1477,0.11813
2013/2/22,93.57,1.5254,6.4206,1.0245,1.0185,0.79611,1.1433,0.11813
2013/2/25,93.57,1.5163,6.4173,1.032,1.0215,0.79851,1.1434,0.11854
2013/2/26,93.11,1.5163,6.4806,1.0258,1.0262,0.80275,1.1514,0.11839
2013/2/27,93.42,1.5125,6.4593,1.0229,1.0261,0.80009,1.1598,0.11845
2013/2/28,91.82,1.5159,6.4313,1.0234,1.0229,0.80273,1.1559,0.11934
2013/3/1,91.98,1.5163,6.466,1.0215,1.0306,0.81059,1.1659,0.11967
2013/3/4,92.24,1.5038,6.4362,1.0203,1.0268,0.81573,1.1721,0.12009
2013/3/5,92.56,1.5115,6.4146,1.0196,1.0273,0.80536,1.1674,0.12006
2013/3/6,93.59,1.5127,6.3798,1.0258,1.0269,0.81687,1.1761,0.12057
2013/3/7,93.48,1.5018,6.4235,1.0233,1.032,0.8151,1.1725,0.12008
2013/3/8,93.29,1.5014,6.3282,1.0268,1.0294,0.8262,1.1807,0.11999
2013/3/11,94.07,1.4925,6.4032,1.0236,1.0287,0.82326,1.1786,0.12068
2013/3/12,94.82,1.4915,6.3883,1.0281,1.0259,0.8284,1.1838,0.12005
2013/3/13,96,1.4903,6.3576,1.0324,1.0257,0.82864,1.1854,0.11956
2013/3/14,96.28,1.4923,6.4269,1.0298,1.0276,0.82801,1.1856,0.11968
2013/3/15,96.08,1.5083,6.4327,1.0384,1.0222,0.83479,1.1852,0.11998
2013/3/18,96.13,1.5114,6.3925,1.0409,1.0194,0.83485,1.1782,0.12001
2013/3/19,96.11,1.5107,6.433,1.0402,1.0222,0.83638,1.1773,0.11951
2013/3/20,95.28,1.5099,6.4673,1.037,1.0268,0.80245,1.1778,0.11951
2013/3/21,95.21,1.51,6.4704,1.0379,1.026,0.78885,1.1803,0.11854
2013/3/22,95.16,1.5173,6.4868,1.044,1.0252,0.77352,1.1726,0.11923
2013/3/25,96.01,1.523,6.4948,1.0444,1.0232,0.77191,1.1713,0.11977
2013/3/26,94.9,1.5175,6.5254,1.0466,1.0213,0.76684,1.1729,0.12004
2013/3/27,94.46,1.5159,6.4906,1.0485,1.0161,0.76578,1.1743,0.11965
2013/3/28,94.17,1.513,6.5182,1.0444,1.016,0.77479,1.1699,0.11953
2013/3/29,94.44,1.5193,6.5207,1.0411,1.0162,0.79254,1.1726,0.11945
2013/4/1,94.46,1.5198,6.5281,1.0419,1.0174,0.77794,1.1657,0.12018
2013/4/2,94.15,1.5229,6.5157,1.0423,1.0168,0.78206,1.1692,0.11959
2013/4/3,94.22,1.5104,6.4904,1.045,1.0148,0.78046,1.1706,0.11859
2013/4/4,93.23,1.513,6.5077,1.0461,1.0146,0.76992,1.167,0.11933
2013/4/5,93.44,1.5235,6.5186,1.0437,1.0127,0.77126,1.1702,0.11975
2013/4/8,93.04,1.5336,6.4509,1.0383,1.0176,0.77342,1.1722,0.11963
2013/4/9,96.34,1.5256,6.4192,1.0413,1.0166,0.77214,1.173,0.11964
2013/4/10,97.57,1.5323,6.3893,1.0489,1.0164,0.77432,1.1862,0.12015
2013/4/11,99.36,1.5333,6.3966,1.0543,1.0142,0.78293,1.1879,0.11999
2013/4/12,99.02,1.5386,6.3539,1.0545,1.0105,0.78103,1.1833,0.1194
2013/4/15,99.78,1.5343,6.3553,1.0508,1.0136,0.77937,1.1795,0.11926
2013/4/16,99.68,1.5285,6.4244,1.0313,1.0256,0.77901,1.1802,0.11775
2013/4/17,98.37,1.5362,6.3633,1.039,1.0207,0.78151,1.189,0.11719
2013/4/18,96.77,1.5238,6.5166,1.0297,1.0266,0.7703,1.1876,0.11706
2013/4/19,97.54,1.5279,6.5386,1.0301,1.0264,0.76992,1.1884,0.1172
2013/4/22,98.12,1.5231,6.543,1.0277,1.0266,0.77234,1.1839,0.11572
2013/4/23,98.17,1.529,6.5297,1.0275,1.0256,0.76786,1.1811,0.11609
2013/4/24,99.52,1.524,6.6486,1.0258,1.0257,0.76225,1.1845,0.1164
2013/4/25,99.23,1.5267,6.6188,1.0279,1.0256,0.75756,1.1823,0.11676
2013/4/26,99.48,1.5434,6.6028,1.0292,1.0198,0.75693,1.1791,0.11676
2013/4/29,99.51,1.5473,6.5732,1.0276,1.0167,0.75565,1.1771,0.11715
2013/4/30,99.26,1.55,6.5395,1.0351,1.0112,0.75895,1.1822,0.11731
2013/5/1,98.05,1.5532,6.4832,1.0371,1.0073,0.75912,1.1854,0.11704
2013/5/2,97.76,1.5555,6.4675,1.0279,1.0083,0.75466,1.1814,0.11721
2013/5/3,97.45,1.5535,6.5417,1.0248,1.0105,0.75911,1.1841,0.11679
2013/5/6,97.39,1.5574,6.5062,1.0319,1.008,0.75595,1.1741,0.11702
2013/5/7,97.94,1.5539,6.5481,1.0254,1.0068,0.75398,1.1705,0.11682
2013/5/8,98.99,1.5484,6.5342,1.0185,1.0042,0.75777,1.168,0.11695
2013/5/9,99.33,1.5534,6.5079,1.017,1.0027,0.76347,1.1697,0.11665
2013/5/10,99,1.5449,6.5568,1.0092,1.0068,0.76621,1.1677,0.11656
2013/5/13,99.01,1.5358,6.5994,1.0025,1.01,0.75995,1.1699,0.11607
2013/5/14,100.59,1.5299,6.6123,0.9952,1.0106,0.76407,1.1693,0.1163
2013/5/15,101.62,1.5209,6.668,0.9889,1.018,0.76088,1.1672,0.11635
2013/5/16,101.82,1.5234,6.6722,0.9898,1.0157,0.76584,1.1693,0.11641
2013/5/17,102.42,1.527,6.6719,0.9808,1.0195,0.76826,1.1716,0.11666
2013/5/20,102.25,1.5169,6.6912,0.973,1.0281,0.76428,1.1706,0.11712
2013/5/21,102.26,1.5255,6.6542,0.9808,1.0241,0.77096,1.1766,0.11709
2013/5/22,103.21,1.5154,6.6153,0.9803,1.0267,0.77857,1.1777,0.11631
2013/5/23,102.27,1.505,6.6423,0.9699,1.0367,0.77544,1.177,0.11637
2013/5/24,102.5,1.5107,6.6467,0.975,1.0305,0.76386,1.1746,0.1164
2013/5/27,103.16,1.5127,6.6456,0.9652,1.0318,0.78221,1.1752,0.11573
2013/5/28,102.02,1.5099,6.6434,0.9634,1.0341,0.78078,1.1757,0.1162
2013/5/29,101.31,1.504,6.7225,0.9616,1.0398,0.78392,1.1753,0.1168
2013/5/30,100.96,1.5131,6.6494,0.9634,1.0351,0.79636,1.1768,0.11623
2013/5/31,102.37,1.5232,6.5616,0.9662,1.0297,0.79164,1.1762,0.11694
2013/6/3,101.16,1.5198,6.6202,0.9571,1.0375,0.78324,1.168,0.11649
2013/6/4,100.73,1.5322,6.5396,0.9771,1.0278,0.77967,1.1647,0.11591
2013/6/5,100.45,1.5312,6.5623,0.965,1.0342,0.77762,1.1732,0.11536
2013/6/6,99.53,1.5406,6.5891,0.9542,1.0345,0.77831,1.1749,0.11532
2013/6/7,100.03,1.56,6.544,0.9597,1.0264,0.78001,1.1764,0.11469
2013/6/10,99.06,1.5558,6.5588,0.9497,1.0197,0.78149,1.1792,0.11468
2013/6/11,96.97,1.5572,6.5769,0.9464,1.0194,0.78624,1.1769,0.11509
2013/6/12,97.56,1.5646,6.5499,0.9427,1.0189,0.77985,1.1704,0.11541
2013/6/13,98.76,1.568,6.5149,0.9484,1.0212,0.77515,1.1693,0.11643
2013/6/14,96.03,1.572,6.4759,0.9639,1.0159,0.76804,1.1648,0.1158
2013/6/17,96.02,1.5707,6.4357,0.957,1.017,0.76567,1.1678,0.11591
2013/6/18,95.37,1.5721,6.4627,0.9543,1.0186,0.76938,1.1749,0.11651
2013/6/19,94.31,1.5642,6.4418,0.9485,1.0212,0.77407,1.1671,0.1151
2013/6/20,94.51,1.5484,6.4555,0.9295,1.0273,0.77029,1.1604,0.11423
2013/6/21,95.33,1.5509,6.5712,0.9197,1.0387,0.7695,1.1615,0.11269
2013/6/24,96.45,1.5419,6.6712,0.9219,1.0457,0.77349,1.1632,0.11387
2013/6/25,97.28,1.5434,6.7642,0.9249,1.0501,0.77328,1.1569,0.1138
2013/6/26,97.9,1.5422,6.7148,0.926,1.0515,0.77157,1.1594,0.11377
2013/6/27,97.73,1.5314,6.7535,0.9277,1.047,0.77131,1.1561,0.11473
2013/6/28,97.81,1.5259,6.7367,0.9275,1.0477,0.76664,1.156,0.1148
2013/7/1,97.72,1.5213,6.6999,0.9138,1.0519,0.76664,1.1518,0.11457
2013/7/2,98.35,1.5217,6.6686,0.9238,1.0497,0.76512,1.159,0.11493
2013/7/3,99.14,1.5156,6.7251,0.9147,1.0544,0.75947,1.1615,0.11606
2013/7/4,99.66,1.5283,6.6885,0.9087,1.0505,0.75598,1.1616,0.11455
2013/7/5,100.63,1.5072,6.6722,0.9147,1.0515,0.76094,1.1649,0.11463
2013/7/8,99.91,1.489,6.8044,0.9067,1.0582,0.76061,1.1622,0.11518
2013/7/9,100.04,1.495,6.7777,0.9134,1.0558,0.75553,1.1601,0.11488
2013/7/10,101.2,1.4867,6.7929,0.9176,1.0527,0.75855,1.1592,0.11469
2013/7/11,100.97,1.5015,6.7093,0.9172,1.0465,0.76644,1.1583,0.1148
2013/7/12,101.15,1.5184,6.6573,0.9188,1.0366,0.76976,1.1566,0.11465
2013/7/15,99.68,1.5107,6.6663,0.9049,1.0395,0.76917,1.149,0.11543
2013/7/16,98.96,1.51,6.6774,0.9098,1.0427,0.76797,1.1433,0.11601
2013/7/17,99.22,1.516,6.5817,0.9253,1.0369,0.76063,1.1449,0.11607
2013/7/18,99.86,1.5212,6.5666,0.9237,1.0405,0.76131,1.1516,0.11642
2013/7/19,99.1,1.5227,6.5726,0.917,1.0378,0.76729,1.1582,0.11689
2013/7/22,99.59,1.5267,6.5352,0.9172,1.0368,0.76897,1.1536,0.11732
2013/7/23,100.43,1.536,6.4881,0.9249,1.0334,0.77837,1.1614,0.11644
2013/7/24,100.65,1.5368,6.4463,0.9296,1.0287,0.77271,1.1613,0.11618
2013/7/25,99.67,1.5315,6.5057,0.9163,1.0316,0.77916,1.1619,0.11614
2013/7/26,99.43,1.539,6.4824,0.9246,1.028,0.77587,1.1624,0.11641
2013/7/29,100.27,1.5382,6.4843,0.9259,1.0278,0.76776,1.1648,0.11502
2013/7/30,99.29,1.5339,6.4772,0.9206,1.0265,0.76873,1.1694,0.11538
2013/7/31,98.21,1.5238,6.5576,0.9062,1.0305,0.7694,1.172,0.11455
2013/8/1,97.96,1.5207,6.5158,0.8982,1.0277,0.76916,1.1725,0.11404
2013/8/2,98.03,1.512,6.6093,0.8925,1.0346,0.76864,1.1735,0.1146
2013/8/5,97.88,1.5294,6.6052,0.8905,1.0392,0.76624,1.1678,0.11472
2013/8/6,99.54,1.5356,6.5821,0.8929,1.036,0.76641,1.173,0.11516
2013/8/7,98.94,1.5349,6.552,0.8985,1.0377,0.75847,1.1671,0.11512
2013/8/8,98.3,1.5489,6.511,0.9,1.0423,0.75634,1.1632,0.11529
2013/8/9,97.74,1.5539,6.4911,0.9105,1.0328,0.75943,1.1652,0.11515
2013/8/12,96.33,1.5498,6.5015,0.9206,1.0289,0.76953,1.1609,0.11537
2013/8/13,96.67,1.5461,6.5306,0.9148,1.0307,0.76782,1.1639,0.11582
2013/8/14,96.21,1.5449,6.5344,0.9114,1.0343,0.7679,1.1709,0.11513
2013/8/15,96.9,1.55,6.5135,0.9122,1.0342,0.77038,1.1726,0.11518
2013/8/16,98.2,1.5644,6.5074,0.9142,1.0306,0.76311,1.1783,0.11522
2013/8/19,98.14,1.5629,6.5137,0.9185,1.0336,0.76255,1.1812,0.11488
2013/8/20,97.37,1.5648,6.5091,0.9109,1.0345,0.75902,1.1832,0.11395
2013/8/21,97.53,1.5668,6.4859,0.9071,1.0392,0.76136,1.1882,0.11484
2013/8/22,97.55,1.5665,6.5709,0.8969,1.0474,0.76548,1.1862,0.1151
2013/8/23,97.27,1.5588,6.5198,0.9008,1.0516,0.75765,1.184,0.11489
2013/8/26,97.68,1.5569,6.4799,0.903,1.0496,0.75079,1.1859,0.11511
2013/8/27,98.72,1.5576,6.511,0.903,1.0501,0.75211,1.1883,0.11525
2013/8/28,98.72,1.5547,6.4871,0.8985,1.0474,0.75533,1.1884,0.11462
2013/8/29,98.51,1.5526,6.506,0.8941,1.0487,0.75677,1.194,0.11426
2013/8/30,97.03,1.5504,6.5892,0.893,1.0532,0.75712,1.1921,0.11475
2013/9/2,97.64,1.5504,6.6188,0.8901,1.0537,0.75519,1.1905,0.11469
2013/9/3,98.35,1.5544,6.606,0.8978,1.0544,0.75506,1.194,0.11487
2013/9/4,98.17,1.5558,6.62,0.9063,1.0535,0.74308,1.185,0.11412
2013/9/5,99.33,1.5626,6.5915,0.9173,1.0496,0.74421,1.1834,0.11446
2013/9/6,99.57,1.559,6.6786,0.9122,1.0505,0.74987,1.1889,0.11501
2013/9/9,99.74,1.5633,6.6291,0.9185,1.0405,0.75161,1.1878,0.11517
2013/9/10,100.11,1.5696,6.5599,0.9228,1.0369,0.75109,1.1888,0.11518
2013/9/11,99.11,1.5734,6.5438,0.9312,1.0349,0.74892,1.1893,0.11532
2013/9/12,99.58,1.5818,6.5222,0.9329,1.0319,0.75271,1.1935,0.11469
2013/9/13,100.39,1.5805,6.5205,0.9272,1.0323,0.75272,1.1964,0.11512
2013/9/16,99.89,1.5876,6.5587,0.9245,1.0351,0.75436,1.1973,0.11575
2013/9/17,99.54,1.5896,6.5149,0.9318,1.0324,0.75644,1.1948,0.11609
2013/9/18,99.38,1.5904,6.4662,0.9356,1.0296,0.75499,1.1863,0.1166
2013/9/19,99.08,1.6146,6.3702,0.952,1.022,0.75672,1.1809,0.11616
2013/9/20,99.13,1.6032,6.339,0.9438,1.0265,0.76139,1.1853,0.11604
2013/9/23,97.94,1.6006,6.3652,0.9394,1.0304,0.76053,1.185,0.11597
2013/9/24,99.45,1.6042,6.3868,0.9431,1.0284,0.75957,1.1796,0.1152
2013/9/25,99.36,1.6004,6.3999,0.9391,1.03,0.75352,1.181,0.11558
2013/9/26,98.85,1.6081,6.4171,0.9368,1.0314,0.74899,1.1779,0.11496
2013/9/27,98.75,1.6041,6.4143,0.9363,1.031,0.74801,1.1785,0.11499
2013/9/30,98.43,1.6139,6.4373,0.9317,1.0306,0.75335,1.1829,0.11624
2013/10/1,98.99,1.6186,6.4295,0.9317,1.0309,0.74823,1.1783,0.11544
2013/10/2,98.24,1.6195,6.3604,0.9398,1.0322,0.74684,1.182,0.11571
2013/10/3,98.27,1.6223,6.3805,0.9385,1.0337,0.7475,1.1812,0.11475
2013/10/4,98,1.6156,6.3458,0.9394,1.0333,0.74446,1.1803,0.11479
2013/10/7,97.36,1.601,6.4277,0.9435,1.0294,0.73942,1.1781,0.11452
2013/10/8,97.27,1.6097,6.4148,0.9429,1.0313,0.74542,1.1733,0.11436
2013/10/9,97.48,1.6084,6.4335,0.9424,1.0368,0.74482,1.1739,0.11372
2013/10/10,96.71,1.5954,6.4651,0.9445,1.0394,0.74381,1.1711,0.11402
2013/10/11,96.88,1.5968,6.5042,0.9452,1.0398,0.74275,1.171,0.11409
2013/10/14,97.34,1.5957,6.4761,0.9468,1.0349,0.74097,1.1674,0.11376
2013/10/15,98.16,1.5983,6.4637,0.9488,1.0354,0.73902,1.1674,0.11398
2013/10/16,98.58,1.5998,6.4999,0.9526,1.0383,0.7485,1.1808,0.11422
2013/10/17,98.57,1.5951,6.4823,0.9551,1.0328,0.75169,1.1809,0.11382
2013/10/18,98.16,1.6165,6.4019,0.9636,1.0289,0.75041,1.1816,0.11431
2013/10/21,98.77,1.6167,6.4193,0.9677,1.0286,0.75344,1.1908,0.11396
2013/10/22,97.91,1.6147,6.3945,0.9653,1.0304,0.7501,1.19,0.11388
2013/10/23,97.72,1.6236,6.3675,0.9708,1.0286,0.75974,1.1996,0.11406
2013/10/24,98.19,1.6164,6.3765,0.9623,1.0382,0.75529,1.1983,0.11467
2013/10/25,98.14,1.6202,6.3526,0.9623,1.0422,0.75226,1.1927,0.11433
2013/10/28,97.38,1.6165,6.3182,0.9584,1.0448,0.74697,1.1838,0.11397
2013/10/29,97.28,1.6142,6.345,0.9572,1.0445,0.74715,1.1906,0.11391
2013/10/30,97.42,1.6047,6.3834,0.9479,1.0469,0.74286,1.1936,0.11357
2013/10/31,97.68,1.6039,6.3915,0.9484,1.0479,0.73962,1.1943,0.11339
2013/11/1,98.19,1.604,6.4824,0.9456,1.0431,0.74046,1.1928,0.11364
2013/11/4,98.51,1.5926,6.5395,0.9438,1.042,0.73762,1.1907,0.11372
2013/11/5,98.36,1.5968,6.5115,0.951,1.0425,0.74383,1.1984,0.1139
2013/11/6,98.67,1.6046,6.5258,0.9507,1.0456,0.73327,1.2015,0.11407
2013/11/7,98.6,1.6081,6.497,0.9527,1.0418,0.7286,1.1969,0.11349
2013/11/8,98.5,1.6097,6.5327,0.9455,1.0462,0.72766,1.1952,0.11369
2013/11/11,98.66,1.6017,6.5939,0.9385,1.0479,0.72749,1.1947,0.11187
2013/11/12,98.09,1.5989,6.5607,0.9359,1.0476,0.72085,1.1995,0.11159
2013/11/13,99.05,1.5905,6.653,0.9302,1.0495,0.7183,1.2012,0.11174
2013/11/14,99.16,1.6057,6.6448,0.936,1.0457,0.71821,1.2044,0.11168
2013/11/15,99.64,1.6066,6.6483,0.9316,1.0464,0.71737,1.2079,0.11204
2013/11/18,99.25,1.6118,6.6337,0.9368,1.0439,0.71779,1.2061,0.11174
2013/11/19,100.01,1.6109,6.6135,0.9377,1.0429,0.71872,1.2053,0.112
2013/11/20,100.19,1.612,6.61,0.9434,1.0469,0.71879,1.1952,0.1118
2013/11/21,99.99,1.6105,6.6441,0.9334,1.0453,0.70915,1.1929,0.11208
2013/11/22,100.14,1.6199,6.635,0.9234,1.0517,0.70486,1.1958,0.11261
2013/11/25,100.03,1.6226,6.5792,0.9183,1.0514,0.70659,1.1951,0.11205
2013/11/26,101.16,1.6155,6.5698,0.9161,1.0543,0.7082,1.1878,0.11194
2013/11/27,101.27,1.6216,6.5757,0.9127,1.0541,0.70336,1.1888,0.11231
2013/11/28,101.67,1.6287,6.5786,0.9079,1.0595,0.70483,1.186,0.11234
2013/11/29,101.28,1.6343,6.544,0.9101,1.0581,0.70545,1.1844,0.11247
2013/12/2,102.16,1.6368,6.5479,0.9108,1.0614,0.70745,1.1813,0.11295
2013/12/3,102.33,1.6356,6.5656,0.9106,1.0644,0.70083,1.1978,0.11318
2013/12/4,102.44,1.6391,6.5151,0.9137,1.0649,0.70226,1.1983,0.11274
2013/12/5,102.94,1.6384,6.5,0.9029,1.0684,0.70253,1.1947,0.11216
2013/12/6,102.51,1.6333,6.4892,0.9063,1.0654,0.70135,1.1942,0.11147
2013/12/9,102.36,1.6349,6.5057,0.9102,1.064,0.70119,1.1967,0.11116
2013/12/10,101.79,1.643,6.5302,0.9112,1.0627,0.70031,1.1953,0.11077
2013/12/11,102.91,1.6445,6.5373,0.9151,1.0603,0.69691,1.1986,0.1102
2013/12/12,103.27,1.6374,6.5478,0.9048,1.059,0.69202,1.1989,0.11067
2013/12/13,102.85,1.635,6.5978,0.8937,1.064,0.689,1.1955,0.11049
2013/12/16,102.42,1.63,6.5754,0.8964,1.0585,0.69092,1.2041,0.11082
2013/12/17,103.38,1.6297,6.577,0.8948,1.0596,0.69038,1.2038,0.11139
2013/12/18,103.21,1.6264,6.554,0.8899,1.0607,0.69792,1.2034,0.11104
2013/12/19,103.02,1.6391,6.562,0.8861,1.0703,0.70184,1.2087,0.11101
2013/12/20,102.67,1.637,6.5918,0.8867,1.0664,0.70402,1.2038,0.11123
2013/12/23,104.29,1.6336,6.5878,0.8923,1.0635,0.70215,1.2047,0.11139
2013/12/24,104.25,1.6356,6.5643,0.8934,1.0605,0.7024,1.2116,0.1112
2013/12/25,104.1,1.6368,6.5624,0.8919,1.0631,0.70107,1.2111,0.11153
2013/12/26,104.11,1.6351,6.5732,0.8925,1.063,0.70223,1.2058,0.1117
2013/12/27,104.25,1.6411,6.5491,0.8896,1.0648,0.71009,1.1984,0.11277
2013/12/30,104.38,1.6483,6.5156,0.887,1.0706,0.70143,1.2018,0.11302
2013/12/31,104.81,1.6501,6.4243,0.8904,1.0648,0.703,1.2033,0.11283
2014/1/1,105.17,1.6557,6.438,0.8917,1.0623,0.70363,1.2008,0.11225
2014/1/2,105.15,1.6566,6.4399,0.8886,1.0644,0.70796,1.2129,0.11277
2014/1/3,105.31,1.6453,6.516,0.8911,1.067,0.70831,1.2122,0.11269
2014/1/6,105.25,1.6418,6.5258,0.8945,1.0635,0.70701,1.215,0.11272
2014/1/7,104.81,1.6406,6.5109,0.8967,1.0656,0.70623,1.2235,0.112
2014/1/8,104.86,1.6402,6.5161,0.8927,1.0766,0.70701,1.2148,0.1121
2014/1/9,104.22,1.6448,6.5769,0.8901,1.082,0.71417,1.205,0.1128
2014/1/10,104.6,1.6481,6.5561,0.89,1.0842,0.71316,1.213,0.11246
2014/1/13,104.86,1.6483,6.4849,0.8995,1.0892,0.71061,1.2128,0.1136
2014/1/14,104.82,1.6383,6.5035,0.9054,1.0863,0.71557,1.2122,0.11363
2014/1/15,104.18,1.644,6.4347,0.8967,1.0946,0.71821,1.2162,0.1137
2014/1/16,103,1.6371,6.4687,0.8916,1.0934,0.7267,1.219,0.11414
2014/1/17,104.22,1.6354,6.4578,0.8821,1.093,0.73224,1.2055,0.1137
2014/1/20,104.56,1.6424,6.4702,0.8781,1.0964,0.72776,1.2076,0.11383
2014/1/21,104.35,1.6429,6.4902,0.8811,1.0949,0.72838,1.2051,0.11381
2014/1/22,104.32,1.6477,6.4775,0.8806,1.0967,0.72065,1.201,0.11398
2014/1/23,104.18,1.6575,6.4857,0.8852,1.1087,0.71634,1.2036,0.11352
2014/1/24,104.3,1.6637,6.4057,0.8768,1.1102,0.71663,1.2019,0.11389
2014/1/27,104.52,1.6482,6.4407,0.8683,1.1088,0.71446,1.2062,0.11396
2014/1/28,103.26,1.6585,6.4213,0.8739,1.1116,0.7175,1.2208,0.11335
2014/1/29,102.31,1.6579,6.4185,0.8779,1.1153,0.71545,1.2177,0.1132
2014/1/30,102.55,1.6563,6.4572,0.8739,1.1171,0.71743,1.2231,0.11319
2014/1/31,102.94,1.6485,6.5172,0.8794,1.1157,0.71579,1.2194,0.11295
2014/2/3,102.29,1.6439,6.5507,0.8756,1.1128,0.71006,1.2125,0.11348
2014/2/4,102.72,1.6305,6.5462,0.8753,1.1119,0.71168,1.2145,0.11325
2014/2/5,102.04,1.6325,6.5195,0.8925,1.1082,0.71275,1.2138,0.11313
2014/2/6,100.98,1.6309,6.525,0.891,1.1083,0.71027,1.2099,0.11305
2014/2/7,101.64,1.6322,6.5041,0.8959,1.107,0.71033,1.2127,0.11308
2014/2/10,101.45,1.6411,6.4874,0.8959,1.1032,0.71165,1.2136,0.11388
2014/2/11,102.11,1.6403,6.4813,0.8949,1.1055,0.71386,1.2178,0.11407
2014/2/12,102.3,1.645,6.4388,0.9038,1.1009,0.71422,1.2171,0.1132
2014/2/13,102.26,1.6596,6.4474,0.9027,1.1003,0.71191,1.2131,0.11334
2014/2/14,102.63,1.6659,6.4558,0.8979,1.0977,0.71769,1.2134,0.11309
2014/2/17,102.53,1.6747,6.444,0.9034,1.0978,0.71201,1.2126,0.11214
2014/2/18,102.17,1.6714,6.4512,0.9032,1.0965,0.71178,1.2176,0.11181
2014/2/19,101.8,1.6684,6.4812,0.9027,1.0947,0.70002,1.2077,0.11157
2014/2/20,101.92,1.668,6.5116,0.9,1.108,0.69792,1.2045,0.11145
2014/2/21,102.36,1.6651,6.5334,0.9007,1.1099,0.69784,1.1996,0.11191
2014/2/24,102.31,1.6616,6.528,0.8977,1.1108,0.70041,1.1989,0.11196
2014/2/25,102.28,1.6656,6.506,0.9035,1.106,0.69996,1.1954,0.11213
2014/2/26,102.51,1.6681,6.4971,0.9019,1.1085,0.70799,1.1987,0.11192
2014/2/27,102.51,1.6671,6.5157,0.8968,1.1128,0.70925,1.1968,0.11306
2014/2/28,102.24,1.6688,6.5173,0.8965,1.1121,0.70588,1.195,0.11243
2014/3/3,102.38,1.6745,6.4088,0.8924,1.1064,0.70751,1.1908,0.11289
2014/3/4,102.13,1.6667,6.4761,0.8938,1.1076,0.70644,1.1953,0.11342
2014/3/5,101.8,1.6664,6.4468,0.895,1.1092,0.70883,1.1978,0.11286
2014/3/6,101.45,1.6722,6.4201,0.8985,1.1029,0.70893,1.1952,0.11288
2014/3/7,102.21,1.674,6.3931,0.909,1.0985,0.70674,1.1921,0.11311
2014/3/10,102.3,1.6713,6.3833,0.9068,1.1087,0.70729,1.1954,0.11319
2014/3/11,103.07,1.6645,6.3711,0.902,1.1108,0.71109,1.2033,0.11298
2014/3/12,103.28,1.6617,6.3748,0.8977,1.1106,0.71221,1.2089,0.113
2014/3/13,103.27,1.6619,6.367,0.8988,1.1118,0.70723,1.2099,0.11246
2014/3/14,103.02,1.6624,6.3798,0.9031,1.1076,0.7035,1.2099,0.11308
2014/3/17,102.76,1.6647,6.3889,0.9028,1.1105,0.69939,1.2057,0.11337
2014/3/18,101.84,1.6637,6.3521,0.9087,1.1052,0.69928,1.2077,0.11292
2014/3/19,101.36,1.6593,6.3283,0.9127,1.1135,0.70125,1.2098,0.11315
2014/3/20,101.77,1.6541,6.4024,0.9042,1.1238,0.70652,1.2096,0.11283
2014/3/21,101.44,1.6504,6.4149,0.9039,1.1244,0.70586,1.2087,0.11293
2014/3/24,102.32,1.6486,6.4256,0.9081,1.1221,0.71192,1.2136,0.11299
2014/3/25,102.39,1.6498,6.3986,0.9133,1.1192,0.70763,1.2121,0.1122
2014/3/26,102.25,1.6529,6.4014,0.9166,1.1167,0.70929,1.2088,0.11233
2014/3/27,102.24,1.6583,6.4674,0.9226,1.1102,0.70871,1.2051,0.11183
2014/3/28,102.26,1.6611,6.4789,0.9259,1.1031,0.71043,1.2105,0.11227
2014/3/31,102.04,1.6638,6.5028,0.9247,1.1061,0.71028,1.2111,0.11232
2014/4/1,102.18,1.6662,6.4727,0.9264,1.105,0.70804,1.2158,0.11213
2014/4/2,102.83,1.663,6.4548,0.9247,1.1024,0.707,1.2158,0.1114
2014/4/3,103.23,1.6626,6.478,0.9248,1.1033,0.70678,1.2154,0.1113
2014/4/4,103.65,1.6598,6.5412,0.9232,1.1035,0.70661,1.2174,0.11151
2014/4/7,103.88,1.6575,6.5567,0.9292,1.0981,0.70589,1.2187,0.11158
2014/4/8,103.93,1.6608,6.5259,0.927,1.0975,0.70585,1.2146,0.11134
2014/4/9,103.29,1.6747,6.4961,0.936,1.0923,0.70668,1.2148,0.1102
2014/4/10,103.1,1.6793,6.4825,0.9391,1.0879,0.70738,1.2146,0.11033
2014/4/11,101.81,1.6785,6.5347,0.9413,1.0936,0.70444,1.2134,0.11029
2014/4/14,102,1.6733,6.5315,0.9397,1.098,0.70537,1.2183,0.11014
2014/4/15,101.53,1.6729,6.5605,0.9424,1.0962,0.70539,1.2166,0.1097
2014/4/16,101.62,1.673,6.5727,0.9362,1.0978,0.70459,1.218,0.10967
2014/4/17,101.85,1.6797,6.5982,0.9371,1.1011,0.70558,1.2163,0.10968
2014/4/18,101.92,1.6794,6.6007,0.933,1.1003,0.70557,1.2155,0.10964
2014/4/21,102.23,1.6794,6.5996,0.9333,1.1024,0.70614,1.2188,0.10995
2014/4/22,102.39,1.6792,6.6133,0.9328,1.101,0.70547,1.2187,0.11004
2014/4/23,102.43,1.6824,6.5883,0.9367,1.1026,0.71078,1.2235,0.10998
2014/4/24,102.62,1.6782,6.5772,0.9291,1.1032,0.71351,1.2247,0.10973
2014/4/25,102.62,1.6802,6.5736,0.9264,1.1021,0.71177,1.2262,0.11023
2014/4/28,102.54,1.6803,6.5887,0.9281,1.1039,0.71364,1.2278,0.11031
2014/4/29,102.32,1.6807,6.5494,0.9258,1.1029,0.71555,1.2226,0.11091
2014/4/30,102.16,1.6827,6.5635,0.9268,1.0944,0.71807,1.2247,0.11081
2014/5/1,102.49,1.6873,6.5023,0.9287,1.0962,0.71943,1.2278,0.11076
2014/5/2,102.64,1.6893,6.5065,0.9274,1.0956,0.71866,1.2266,0.10997
2014/5/5,102.24,1.687,6.5089,0.9277,1.0972,0.7203,1.2289,0.11051
2014/5/6,102.33,1.6866,6.5532,0.9274,1.0955,0.72078,1.2347,0.11059
2014/5/7,102.2,1.6975,6.4968,0.9351,1.0895,0.71981,1.2354,0.11066
2014/5/8,102.14,1.6952,6.5002,0.9327,1.09,0.7195,1.2348,0.11058
2014/5/9,101.68,1.6932,6.5297,0.9375,1.0831,0.71891,1.2342,0.11066
2014/5/12,101.9,1.6851,6.5729,0.9362,1.0898,0.71924,1.2329,0.1114
2014/5/13,101.66,1.6868,6.5667,0.9362,1.0896,0.72245,1.2296,0.11115
2014/5/14,101.86,1.6826,6.5498,0.936,1.0904,0.7223,1.229,0.11099
2014/5/15,102.13,1.6767,6.5596,0.9378,1.0889,0.72076,1.2289,0.11125
2014/5/16,102.26,1.679,6.5727,0.9356,1.0885,0.71835,1.2316,0.11069
2014/5/19,101.9,1.6811,6.5648,0.936,1.0861,0.71589,1.2291,0.11074
2014/5/20,101.58,1.6814,6.5899,0.933,1.0875,0.71571,1.2308,0.1112
2014/5/21,101.5,1.6838,6.5904,0.9243,1.0908,0.71829,1.2313,0.11115
2014/5/22,101.5,1.69,6.5704,0.9251,1.0912,0.71529,1.2317,0.1104
2014/5/23,101.33,1.687,6.5882,0.9226,1.0891,0.71751,1.2361,0.11067
2014/5/26,101.37,1.6832,6.6447,0.9231,1.0861,0.72121,1.2368,0.11073
2014/5/27,101.74,1.6843,6.6218,0.9237,1.0859,0.72401,1.2407,0.11076
2014/5/28,101.97,1.681,6.624,0.9259,1.0858,0.72555,1.2488,0.11063
2014/5/29,101.94,1.6711,6.6429,0.9236,1.0875,0.72377,1.2529,0.10966
2014/5/30,101.98,1.6717,6.6458,0.9307,1.0837,0.72351,1.2512,0.10987
2014/6/2,101.85,1.6755,6.6885,0.931,1.0846,0.72267,1.2522,0.10985
2014/6/3,101.79,1.6746,6.6938,0.9246,1.09,0.72168,1.2499,0.11072
2014/6/4,101.77,1.6749,6.6823,0.9266,1.0908,0.72093,1.2521,0.10986
2014/6/5,102.38,1.6737,6.6422,0.9277,1.094,0.72036,1.2509,0.11057
2014/6/6,102.51,1.682,6.6628,0.934,1.0925,0.72104,1.2516,0.11006
2014/6/9,102.75,1.6802,6.6291,0.9333,1.0931,0.72071,1.2483,0.1103
2014/6/10,102.41,1.6803,6.6838,0.9356,1.0904,0.72033,1.2462,0.1103
2014/6/11,102.48,1.6756,6.6956,0.9373,1.0903,0.72227,1.2509,0.11033
2014/6/12,102.53,1.6788,6.6995,0.9383,1.0868,0.7226,1.2477,0.11114
2014/6/13,102.35,1.6929,6.6888,0.9426,1.0856,0.72078,1.2493,0.11118
2014/6/16,102.07,1.6968,6.6447,0.9402,1.0855,0.72008,1.2537,0.11123
2014/6/17,101.7,1.6984,6.6254,0.9401,1.0845,0.71932,1.2567,0.11074
2014/6/18,102.04,1.6965,6.6367,0.9337,1.0861,0.71897,1.2605,0.10972
2014/6/19,101.83,1.6994,6.6421,0.9408,1.0836,0.72065,1.2623,0.10945
2014/6/20,102.15,1.7039,6.697,0.9398,1.0818,0.72155,1.259,0.10981
2014/6/23,101.93,1.7013,6.711,0.9388,1.0758,0.72327,1.2585,0.10928
2014/6/24,101.94,1.7027,6.6939,0.9422,1.0732,0.72122,1.2577,0.10894
2014/6/25,102.07,1.6986,6.7252,0.9368,1.0745,0.72511,1.2589,0.10904
2014/6/26,101.93,1.6983,6.7365,0.9408,1.0719,0.72526,1.2584,0.10881
2014/6/27,101.97,1.7027,6.738,0.9414,1.0689,0.72314,1.2544,0.10928
2014/6/30,101.87,1.7035,6.7331,0.9427,1.0666,0.72472,1.2635,0.10924
2014/7/1,101.73,1.7106,6.6834,0.9433,1.0671,0.72713,1.267,0.10919
2014/7/2,101.42,1.715,6.6919,0.9497,1.0632,0.73071,1.2643,0.10769
2014/7/3,101.33,1.7166,6.7049,0.9443,1.0664,0.72964,1.2634,0.10748
2014/7/4,101.53,1.7155,6.8232,0.9347,1.0634,0.72927,1.2627,0.10758
2014/7/7,101.77,1.716,6.8434,0.9365,1.0653,0.73194,1.2673,0.10745
2014/7/8,102.19,1.7128,6.8324,0.9373,1.0684,0.73187,1.2659,0.10795
2014/7/9,102.06,1.7131,6.8367,0.9399,1.0679,0.72955,1.2616,0.1084
2014/7/10,101.86,1.7158,6.7904,0.9414,1.0651,0.73121,1.264,0.10819
2014/7/11,101.57,1.7132,6.7789,0.9395,1.065,0.73048,1.2637,0.10808
2014/7/14,101.64,1.7116,6.7928,0.9392,1.0734,0.7303,1.2637,0.10803
2014/7/15,101.34,1.7084,6.7937,0.9393,1.0712,0.72616,1.2625,0.10829
2014/7/16,101.3,1.7143,6.8223,0.937,1.0759,0.72652,1.261,0.10828
2014/7/17,101.54,1.7137,6.8278,0.9368,1.0741,0.72572,1.2527,0.10808
2014/7/18,101.68,1.7101,6.8274,0.9351,1.0763,0.72632,1.2564,0.10799
2014/7/21,101.67,1.7088,6.8397,0.939,1.0733,0.72869,1.2623,0.10844
2014/7/22,101.18,1.7076,6.8472,0.9373,1.0738,0.73187,1.2593,0.1086
2014/7/23,101.34,1.7065,6.8483,0.9394,1.0738,0.73293,1.2596,0.10878
2014/7/24,101.4,1.7044,6.8395,0.9456,1.0728,0.73082,1.2509,0.10917
2014/7/25,101.46,1.6986,6.8283,0.9419,1.0745,0.73109,1.2541,0.10884
2014/7/28,101.48,1.6975,6.8221,0.9396,1.0812,0.73148,1.2575,0.1088
2014/7/29,101.82,1.6983,6.8346,0.9406,1.0799,0.73058,1.2487,0.10844
2014/7/30,101.84,1.6944,6.8563,0.9383,1.0852,0.73033,1.2485,0.10828
2014/7/31,101.86,1.6913,6.883,0.9331,1.0903,0.72907,1.2456,0.10854
2014/8/1,102.12,1.6886,6.8976,0.9295,1.0906,0.72954,1.2518,0.10827
2014/8/4,102.79,1.6821,6.8601,0.9312,1.0916,0.72947,1.2475,0.1086
2014/8/5,102.8,1.6863,6.8824,0.9334,1.0906,0.72686,1.2515,0.10838
2014/8/6,102.61,1.6886,6.8838,0.9305,1.0961,0.72507,1.2484,0.10836
2014/8/7,102.57,1.6853,6.8946,0.9354,1.0916,0.72668,1.2515,0.10808
2014/8/8,102.6,1.6833,6.9061,0.9271,1.0926,0.72848,1.2567,0.10871
2014/8/11,102.1,1.6773,6.8998,0.9275,1.0973,0.7298,1.2561,0.10875
2014/8/12,102.1,1.6787,6.8721,0.9262,1.0921,0.72969,1.2564,0.10886
2014/8/13,102.04,1.6812,6.878,0.9269,1.0925,0.73138,1.2582,0.10911
2014/8/14,102.19,1.6688,6.8738,0.9305,1.0914,0.73156,1.2639,0.10917
2014/8/15,102.26,1.6686,6.8583,0.9319,1.0902,0.72994,1.265,0.10917
2014/8/18,102.42,1.6693,6.8358,0.9322,1.0897,0.72452,1.2541,0.10923
2014/8/19,102.45,1.6728,6.8541,0.9325,1.0887,0.72564,1.2518,0.10906
2014/8/20,102.36,1.6617,6.8726,0.9302,1.0942,0.73405,1.2617,0.10928
2014/8/21,102.57,1.6595,6.9152,0.9287,1.097,0.73471,1.2606,0.10923
2014/8/22,102.92,1.658,6.8902,0.9303,1.0941,0.73139,1.2489,0.10928
2014/8/25,103.76,1.6572,6.9133,0.9317,1.0943,0.72775,1.2449,0.10916
2014/8/26,103.85,1.6579,6.9364,0.9297,1.0984,0.7245,1.2549,0.10909
2014/8/27,103.95,1.654,6.9577,0.9306,1.0952,0.72252,1.2579,0.10881
2014/8/28,104.05,1.6576,6.9495,0.9337,1.0865,0.71839,1.2549,0.10891
2014/8/29,104.06,1.6586,6.9717,0.9357,1.0861,0.72099,1.2545,0.10875
2014/9/1,103.88,1.6598,6.9918,0.9339,1.0878,0.72031,1.2557,0.10854
2014/9/2,103.72,1.6608,7.0045,0.9332,1.0871,0.71727,1.2653,0.10859
2014/9/3,104.09,1.647,7.0167,0.9274,1.0929,0.71195,1.2689,0.10933
2014/9/4,104.35,1.6461,7.0038,0.9347,1.0888,0.7148,1.2696,0.1088
2014/9/5,105.09,1.6331,7.0667,0.9348,1.0875,0.71506,1.2733,0.10904
2014/9/8,104.79,1.6327,7.0979,0.9378,1.088,0.71487,1.2757,0.10873
2014/9/9,105.27,1.6104,7.1143,0.9281,1.0974,0.71757,1.2783,0.109
2014/9/10,105.09,1.6106,7.108,0.9203,1.0984,0.72115,1.2797,0.10853
2014/9/11,106.03,1.6211,7.1035,0.9155,1.0938,0.72145,1.2808,0.10825
2014/9/12,106.2,1.6255,7.1287,0.91,1.1035,0.71998,1.2803,0.10861
2014/9/15,106.86,1.6268,7.1211,0.9038,1.1093,0.72203,1.2836,0.10839
2014/9/16,107.11,1.6233,7.1156,0.9028,1.1055,0.7275,1.2823,0.10843
2014/9/17,107.34,1.6277,7.1192,0.9094,1.097,0.72805,1.2744,0.10919
2014/9/18,107.19,1.6276,7.1684,0.8959,1.0998,0.72802,1.2761,0.10895
2014/9/19,107.13,1.6396,7.0865,0.899,1.0934,0.72641,1.2709,0.10882
2014/9/22,108.37,1.6288,7.1526,0.8925,1.0963,0.73068,1.2706,0.10885
2014/9/23,108.69,1.6361,7.1522,0.8873,1.1044,0.72658,1.2697,0.10897
2014/9/24,109.04,1.6388,7.15,0.884,1.1078,0.73066,1.27,0.10877
2014/9/25,108.84,1.634,7.1805,0.8885,1.1058,0.73553,1.273,0.10848
2014/9/26,108.89,1.6318,7.2111,0.8787,1.111,0.73396,1.2612,0.10881
2014/9/29,109.04,1.625,7.2676,0.8765,1.1154,0.73794,1.2565,0.10975
2014/9/30,108.75,1.6241,7.2453,0.8718,1.1164,0.73546,1.2478,0.10976
2014/10/1,109.29,1.6213,7.2137,0.8747,1.1198,0.73427,1.2563,0.10987
2014/10/2,109.5,1.6186,7.2179,0.8738,1.1163,0.73326,1.2611,0.10979
2014/10/3,109.65,1.6145,7.1832,0.8803,1.1157,0.7305,1.2628,0.11009
2014/10/6,108.89,1.5973,7.2782,0.8675,1.1244,0.73499,1.2671,0.1098
2014/10/7,108.42,1.6084,7.1777,0.8763,1.1132,0.73788,1.269,0.10957
2014/10/8,109.76,1.6096,7.1885,0.8817,1.1175,0.73036,1.2677,0.10911
2014/10/9,108.78,1.6169,7.1669,0.8841,1.1107,0.72969,1.2698,0.10943
2014/10/10,108.03,1.6117,7.2217,0.8783,1.1185,0.73042,1.2695,0.1102
2014/10/13,108.08,1.6076,7.2345,0.8686,1.1199,0.72602,1.2668,0.10895
2014/10/14,107.84,1.6085,7.1154,0.8772,1.1199,0.72701,1.2676,0.10887
2014/10/15,107.66,1.5904,7.2511,0.8713,1.1297,0.72604,1.2686,0.10921
2014/10/16,106.86,1.602,7.1561,0.8829,1.1255,0.71088,1.2771,0.10916
2014/10/17,107.05,1.6087,7.1499,0.8756,1.1258,0.7025,1.2796,0.10884
2014/10/20,105.92,1.6093,7.1787,0.8744,1.1277,0.7017,1.2755,0.10868
2014/10/21,106.33,1.6165,7.1778,0.8784,1.1285,0.6985,1.2795,0.10874
2014/10/22,106.88,1.6113,7.2357,0.8779,1.1221,0.7014,1.2793,0.10894
2014/10/23,106.95,1.605,7.2701,0.8779,1.1236,0.70038,1.2744,0.10883
2014/10/24,107,1.603,7.2588,0.8762,1.123,0.70093,1.2755,0.1079
2014/10/27,107.14,1.609,7.252,0.8793,1.1231,0.69232,1.276,0.10706
2014/10/28,108.27,1.612,7.2984,0.8802,1.1247,0.69633,1.2686,0.10748
2014/10/29,108.16,1.613,7.3352,0.8856,1.1166,0.69231,1.2593,0.10796
2014/10/30,107.82,1.6012,7.3658,0.8797,1.1183,0.68651,1.2514,0.108
2014/10/31,108.16,1.6002,7.3433,0.8835,1.1184,0.68864,1.2563,0.1079
2014/11/3,108.89,1.5995,7.3934,0.8798,1.1266,0.6827,1.2471,0.10797
2014/11/4,109.21,1.5972,7.4245,0.8681,1.1359,0.67522,1.2492,0.10869
2014/11/5,112.32,1.6003,7.3822,0.8738,1.141,0.67449,1.2514,0.10863
2014/11/6,114.05,1.5976,7.3686,0.8594,1.1386,0.68509,1.264,0.10842
2014/11/7,113.6,1.5832,7.4374,0.8559,1.1423,0.67957,1.2624,0.10833
2014/11/10,114.64,1.5869,7.4054,0.8637,1.1329,0.67949,1.2592,0.10848
2014/11/11,115.21,1.5842,7.4329,0.8622,1.1381,0.6791,1.2627,0.1083
2014/11/12,114.6,1.5919,7.3892,0.8686,1.1336,0.68144,1.2622,0.10792
2014/11/13,114.86,1.5779,7.4243,0.8719,1.1319,0.67709,1.2564,0.10806
2014/11/14,115.78,1.5711,7.4293,0.8723,1.1367,0.67732,1.2614,0.108
2014/11/17,115.49,1.5669,7.3859,0.875,1.1287,0.67739,1.2629,0.10822
2014/11/18,115.77,1.5641,7.437,0.8708,1.1308,0.67812,1.2741,0.1078
2014/11/19,116.29,1.5633,7.3696,0.872,1.1296,0.67442,1.2661,0.10785
2014/11/20,116.65,1.5682,7.389,0.8618,1.1341,0.66995,1.2685,0.10811
2014/11/21,116.86,1.5692,7.394,0.862,1.1305,0.67267,1.2708,0.10805
2014/11/24,117.97,1.5656,7.466,0.867,1.1233,0.67515,1.2661,0.10796
2014/11/25,118.21,1.5706,7.438,0.8618,1.1279,0.68198,1.2625,0.10806
2014/11/26,117.79,1.5708,7.4253,0.853,1.1258,0.67899,1.2675,0.10792
2014/11/27,118.27,1.5792,7.3981,0.8548,1.1247,0.67571,1.2611,0.10779
2014/11/28,117.97,1.5736,7.432,0.8545,1.1331,0.68249,1.2574,0.1078
2014/12/1,117.73,1.5645,7.451,0.8506,1.1416,0.68673,1.2589,0.10734
2014/12/2,117.71,1.573,7.4382,0.8491,1.1329,0.68288,1.262,0.10798
2014/12/3,118.63,1.5637,7.5237,0.8445,1.1407,0.68489,1.2753,0.10779
2014/12/4,118.4,1.5686,7.5258,0.8405,1.1365,0.6842,1.2783,0.10771
2014/12/5,119.21,1.5673,7.4942,0.8383,1.1384,0.68119,1.2748,0.10759
2014/12/8,119.79,1.558,7.5573,0.8316,1.1435,0.68074,1.2751,0.10732
2014/12/9,119.78,1.5653,7.5462,0.8294,1.148,0.68066,1.2757,0.10667
2014/12/10,121.46,1.5668,7.5316,0.8293,1.1446,0.68109,1.2727,0.10704
2014/12/11,120.69,1.5715,7.531,0.8318,1.1482,0.68219,1.2772,0.10634
2014/12/12,119.69,1.5732,7.5258,0.8272,1.1521,0.6819,1.2769,0.10516
2014/12/15,117.82,1.5716,7.5455,0.8247,1.1581,0.68854,1.2802,0.10486
2014/12/16,118.65,1.5638,7.6449,0.8211,1.1672,0.69124,1.2876,0.10569
2014/12/17,118.75,1.575,7.6276,0.8218,1.1627,0.69083,1.2875,0.10572
2014/12/18,117.82,1.5575,7.6665,0.8123,1.163,0.69142,1.2772,0.1057
2014/12/19,116.41,1.567,7.6988,0.8165,1.1576,0.70046,1.2779,0.10485
2014/12/22,118.65,1.5626,7.7341,0.813,1.16,0.71047,1.2743,0.1053
2014/12/23,118.84,1.559,7.7979,0.8135,1.1628,0.70825,1.2763,0.10491
2014/12/24,119.5,1.5522,7.8016,0.8105,1.1617,0.70857,1.2796,0.10513
2014/12/25,120.05,1.5558,7.8151,0.811,1.1624,0.71242,1.2806,0.10451
2014/12/26,120.69,1.5559,7.7807,0.8119,1.1625,0.714,1.282,0.10475
2014/12/29,120.51,1.5558,7.8545,0.8121,1.1627,0.72032,1.2877,0.10624
2014/12/30,120.1,1.5517,7.8563,0.8132,1.1637,0.72291,1.2921,0.10587
2014/12/31,120.31,1.5562,7.7417,0.8183,1.1611,0.74017,1.3053,0.10588
2015/1/1,120.67,1.5577,7.807,0.8175,1.1621,0.73498,1.3094,0.10502
2015/1/2,119.48,1.5586,7.8031,0.8183,1.1611,0.73295,1.302,0.1056
2015/1/5,119.78,1.5328,7.9319,0.8089,1.1785,0.72893,1.3113,0.10621
2015/1/6,119.74,1.525,7.9385,0.8083,1.1763,0.73013,1.3043,0.1059
2015/1/7,120.5,1.5151,7.9185,0.8084,1.1836,0.74237,1.3207,0.10561
2015/1/8,119.64,1.511,7.9761,0.8079,1.1815,0.75788,1.3379,0.10479
2015/1/9,118.39,1.509,8.0297,0.8123,1.1831,0.75121,1.3418,0.10468
2015/1/12,119.26,1.516,8.058,0.8204,1.1867,0.74547,1.3353,0.10523
2015/1/13,119.66,1.5171,8.073,0.8157,1.1974,0.7538,1.3414,0.10493
2015/1/14,118.5,1.516,8.0708,0.8166,1.1959,0.74682,1.3311,0.10611
2015/1/15,118.35,1.5234,8.0841,0.815,1.1951,0.7537,1.3341,0.10687
2015/1/16,117.93,1.5183,8.1022,0.8217,1.1961,0.74992,1.326,0.10583
2015/1/19,117.33,1.515,8.0905,0.8223,1.1984,0.74103,1.3212,0.10593
2015/1/20,116.17,1.5113,8.1343,0.8211,1.1941,0.75193,1.3382,0.10539
2015/1/21,117.51,1.5145,8.1742,0.8172,1.2113,0.74136,1.3355,0.10692
2015/1/22,117.56,1.5142,8.173,0.8085,1.234,0.74189,1.3473,0.10706
2015/1/23,118.82,1.501,8.2295,0.8026,1.238,0.74431,1.3436,0.10707
2015/1/26,117.97,1.4989,8.3353,0.7912,1.242,0.73972,1.3474,0.10738
2015/1/27,118.49,1.5078,8.3099,0.7925,1.2474,0.73242,1.3442,0.10677
2015/1/28,117.77,1.5197,8.1819,0.7937,1.2399,0.73648,1.349,0.10674
2015/1/29,118.46,1.5139,8.2967,0.7889,1.2536,0.73882,1.3519,0.10692
2015/1/30,117.87,1.5067,8.2766,0.7762,1.2616,0.74333,1.3532,0.10601
2015/2/2,117.54,1.506,8.2859,0.7762,1.2732,0.73483,1.3455,0.10599
2015/2/3,118.29,1.5039,8.3174,0.7803,1.2564,0.73862,1.3544,0.10639
2015/2/4,117.49,1.5166,8.2174,0.7793,1.2415,0.73953,1.3559,0.10567
2015/2/5,117.57,1.5182,8.2855,0.7753,1.2574,0.73844,1.3532,0.10525
2015/2/6,117.57,1.5328,8.2472,0.7798,1.2434,0.74256,1.3637,0.1056
2015/2/9,117.28,1.5243,8.3968,0.7796,1.2527,0.74119,1.3627,0.10608
2015/2/10,117.53,1.5215,8.3601,0.7802,1.2467,0.74056,1.3668,0.10534
2015/2/11,119.12,1.5254,8.327,0.7771,1.2587,0.7478,1.3758,0.10387
2015/2/12,118.64,1.5238,8.3743,0.7718,1.2632,0.74654,1.3783,0.10419
2015/2/13,119.43,1.5384,8.4427,0.7735,1.2509,0.74434,1.3739,0.10465
2015/2/16,120.46,1.5395,8.4235,0.7762,1.2448,0.7473,1.3743,0.10528
2015/2/17,119.11,1.5363,8.4183,0.7773,1.2466,0.75417,1.3779,0.10493
2015/2/18,118.75,1.5354,8.3246,0.7819,1.2389,0.75486,1.3817,0.10443
2015/2/19,118.48,1.5436,8.3635,0.7811,1.2455,0.76346,1.3868,0.10485
2015/2/20,119.25,1.5414,8.4235,0.7792,1.2495,0.76061,1.394,0.10486
2015/2/23,118.79,1.5399,8.3848,0.7842,1.2531,0.77162,1.4087,0.1048
2015/2/24,118.95,1.5457,8.4143,0.7802,1.2571,0.78065,1.4154,0.10605
2015/2/25,119.03,1.5454,8.4148,0.7831,1.2486,0.77528,1.3995,0.10625
2015/2/26,118.81,1.5528,8.3014,0.7887,1.2436,0.7848,1.4045,0.10714
2015/2/27,118.97,1.5407,8.4048,0.78,1.2515,0.78012,1.4032,0.10727
2015/3/2,118.86,1.5438,8.3373,0.7808,1.2515,0.77747,1.3918,0.10814
2015/3/3,119.41,1.5366,8.3355,0.7766,1.2535,0.76593,1.3787,0.10838
2015/3/4,119.63,1.5361,8.2745,0.7817,1.2496,0.77675,1.384,0.1087
2015/3/5,120.13,1.5265,8.3284,0.7817,1.2427,0.76966,1.3813,0.10897
2015/3/6,119.73,1.524,8.3402,0.7782,1.2486,0.7631,1.3662,0.10852
2015/3/9,119.68,1.5037,8.4633,0.7716,1.2624,0.7644,1.3594,0.10924
2015/3/10,120.13,1.5128,8.4875,0.7702,1.2604,0.7629,1.3564,0.10979
2015/3/11,120.83,1.507,8.5595,0.7626,1.2689,0.77081,1.3643,0.10948
2015/3/12,121.15,1.493,8.6408,0.7596,1.275,0.77085,1.3661,0.10937
2015/3/13,121.13,1.4883,8.5888,0.7708,1.2686,0.76877,1.367,0.10925
2015/3/16,121.45,1.4744,8.7136,0.7637,1.2783,0.77559,1.3807,0.10865
2015/3/17,121.29,1.4829,8.6614,0.764,1.2773,0.77584,1.3773,0.10732
2015/3/18,121.4,1.4749,8.6855,0.7617,1.2788,0.76775,1.3629,0.10817
2015/3/19,121.34,1.4978,8.5781,0.7774,1.2566,0.76605,1.3596,0.10716
2015/3/20,121.37,1.4753,8.6726,0.7649,1.2717,0.76592,1.3624,0.10745
2015/3/23,120.11,1.4949,8.6231,0.7775,1.2552,0.76876,1.3692,0.10778
2015/3/24,120.78,1.4952,8.4989,0.788,1.2523,0.77218,1.379,0.10739
2015/3/25,120.04,1.4851,8.4928,0.7877,1.2493,0.77804,1.3802,0.10696
2015/3/26,119.73,1.488,8.4891,0.7845,1.252,0.78448,1.3801,0.10691
2015/3/27,119.76,1.4849,8.5899,0.7828,1.2483,0.78771,1.3888,0.10745
2015/3/30,119.49,1.4879,8.587,0.7752,1.2609,0.7861,1.3874,0.10796
2015/3/31,119.19,1.481,8.5904,0.7654,1.2675,0.78564,1.3892,0.10722
2015/4/1,119.13,1.4818,8.6314,0.7607,1.2686,0.78083,1.3878,0.10645
2015/4/2,120.07,1.4823,8.6657,0.76,1.2621,0.77828,1.3848,0.10661
2015/4/3,120.13,1.4829,8.6345,0.7592,1.2559,0.78134,1.3882,0.10674
2015/4/6,119.76,1.492,8.5524,0.7633,1.2484,0.7784,1.3903,0.10654
2015/4/7,119.72,1.488,8.5793,0.7592,1.2482,0.77758,1.4021,0.10697
2015/4/8,118.97,1.4808,8.6775,0.7633,1.2506,0.77258,1.3911,0.10708
2015/4/9,119.54,1.4866,8.6724,0.7684,1.2546,0.77287,1.3968,0.10687
2015/4/10,120.28,1.4713,8.7603,0.7692,1.2578,0.77148,1.399,0.10727
2015/4/13,120.13,1.4632,8.8244,0.7682,1.2566,0.76599,1.3969,0.10709
2015/4/14,120.58,1.4676,8.8222,0.7589,1.2596,0.755,1.3873,0.10727
2015/4/15,120.22,1.4782,8.7648,0.7626,1.2485,0.74644,1.3678,0.10818
2015/4/16,120.13,1.4842,8.7287,0.7682,1.229,0.74294,1.3521,0.10718
2015/4/17,119.4,1.4934,8.5898,0.7803,1.2189,0.74675,1.3565,0.10709
2015/4/20,119.14,1.4962,8.6348,0.7782,1.2246,0.74586,1.3573,0.10751
2015/4/21,119.02,1.4907,8.6965,0.7725,1.2225,0.73767,1.3438,0.1068
2015/4/22,118.9,1.4926,8.6642,0.7711,1.228,0.74129,1.3533,0.10698
2015/4/23,119.18,1.5037,8.7298,0.7755,1.2238,0.74503,1.3776,0.10658
2015/4/24,119.67,1.5057,8.6352,0.7778,1.2144,0.74649,1.3972,0.10679
2015/4/27,119.91,1.5188,8.6287,0.7824,1.2174,0.74399,1.3975,0.10694
2015/4/28,119.58,1.5238,8.5989,0.7858,1.2086,0.73913,1.3867,0.10786
2015/4/29,118.99,1.5339,8.5157,0.8022,1.2033,0.73542,1.3827,0.10692
2015/4/30,119.04,1.5438,8.3302,0.8008,1.202,0.73211,1.3737,0.10632
2015/5/1,118.86,1.5351,8.3331,0.7905,1.2077,0.7366,1.3834,0.10715
2015/5/4,119.02,1.5148,8.4,0.7851,1.2159,0.74316,1.3909,0.10704
2015/5/5,119.38,1.512,8.3715,0.7838,1.2095,0.74282,1.4004,0.10719
2015/5/6,120.15,1.5182,8.3515,0.7942,1.2069,0.74352,1.4094,0.10747
2015/5/7,120.13,1.5246,8.2223,0.7969,1.2048,0.74717,1.4061,0.10813
2015/5/8,119.86,1.5245,8.2581,0.7907,1.213,0.74944,1.4093,0.108
2015/5/11,119.46,1.5455,8.2576,0.7932,1.2071,0.74705,1.4151,0.10702
2015/5/12,119.74,1.5586,8.299,0.7891,1.2103,0.74159,1.4081,0.10689
2015/5/13,119.76,1.5671,8.3331,0.7976,1.2019,0.73691,1.3988,0.10639
2015/5/14,120.08,1.5745,8.2393,0.8113,1.1958,0.73278,1.3919,0.10662
2015/5/15,119.87,1.5776,8.2373,0.8081,1.1983,0.73336,1.3911,0.10733
2015/5/18,119.15,1.5727,8.1912,0.8034,1.2014,0.7226,1.376,0.10753
2015/5/19,119.18,1.5653,8.2365,0.7991,1.216,0.71395,1.3607,0.10798
2015/5/20,119.25,1.5513,8.3407,0.7915,1.2233,0.71552,1.3671,0.10789
2015/5/21,119.99,1.5536,8.3475,0.7875,1.2208,0.71626,1.3737,0.10821
2015/5/22,120.69,1.5662,8.3382,0.7896,1.2199,0.71125,1.3594,0.10824
2015/5/25,121.35,1.549,8.3935,0.7823,1.2279,0.71281,1.3636,0.10853
2015/5/26,121.04,1.547,8.4162,0.7824,1.2314,0.71973,1.3714,0.10781
2015/5/27,121.54,1.5385,8.4742,0.7735,1.2434,0.71967,1.3784,0.10786
2015/5/28,121.56,1.5354,8.5059,0.7729,1.2452,0.71909,1.3811,0.10676
2015/5/29,123.1,1.5316,8.4674,0.7649,1.2435,0.71816,1.3827,0.10668
2015/6/1,123.66,1.5291,8.5188,0.7645,1.2454,0.72066,1.3912,0.10623
2015/6/2,123.95,1.5201,8.5777,0.7606,1.2522,0.7146,1.3966,0.10681
2015/6/3,124.15,1.5343,8.4414,0.7772,1.2401,0.71554,1.397,0.10748
2015/6/4,124.77,1.5341,8.3039,0.7787,1.2452,0.7179,1.3991,0.10736
2015/6/5,124.11,1.5364,8.2777,0.7688,1.2502,0.71476,1.3953,0.10672
2015/6/8,124.25,1.527,8.3806,0.7623,1.2444,0.72249,1.4085,0.10688
2015/6/9,124.36,1.5349,8.2975,0.7703,1.241,0.72051,1.4017,0.1069
2015/6/10,125.63,1.5385,8.2914,0.7691,1.2337,0.72182,1.4054,0.10824
2015/6/11,124.49,1.553,8.2618,0.7761,1.2255,0.7227,1.4098,0.10845
2015/6/12,124.34,1.5517,8.2067,0.7755,1.2292,0.72627,1.4005,0.10864
2015/6/15,122.68,1.5561,8.1798,0.7731,1.2322,0.73281,1.4103,0.10879
2015/6/16,123.42,1.5601,8.1587,0.7766,1.2325,0.73452,1.4128,0.10874
2015/6/17,123.39,1.5648,8.1728,0.7752,1.2295,0.7331,1.4082,0.10827
2015/6/18,123.42,1.5833,8.1099,0.7749,1.2228,0.73282,1.4013,0.10855
2015/6/19,123.36,1.588,8.1316,0.78,1.2222,0.73791,1.4114,0.10823
2015/6/22,123.43,1.5883,8.1163,0.7772,1.2267,0.74112,1.4042,0.10841
2015/6/23,122.96,1.5824,8.1477,0.7728,1.2309,0.7479,1.3869,0.1083
2015/6/24,122.71,1.5729,8.2598,0.7736,1.2327,0.74675,1.3936,0.10825
2015/6/25,123.37,1.5706,8.2403,0.7704,1.2383,0.72995,1.3897,0.10784
2015/6/26,123.94,1.5747,8.2446,0.7738,1.2328,0.73632,1.4074,0.10817
2015/6/29,123.85,1.5746,8.3025,0.7655,1.2321,0.73606,1.4203,0.10829
2015/6/30,123.63,1.5738,8.2274,0.7679,1.2403,0.7379,1.4288,0.10793
2015/7/1,123.85,1.5712,8.2872,0.7707,1.2494,0.74075,1.4353,0.10665
2015/7/2,122.54,1.5617,8.3824,0.7645,1.259,0.74418,1.4416,0.10647
2015/7/3,122.5,1.5609,8.4592,0.7633,1.254,0.74335,1.4379,0.10692
2015/7/6,123.17,1.557,8.4538,0.7523,1.2574,0.73791,1.422,0.10668
2015/7/7,123.07,1.5605,8.4595,0.75,1.2652,0.73812,1.4285,0.10668
2015/7/8,122.79,1.5462,8.5121,0.7451,1.2705,0.73484,1.4125,0.10673
2015/7/9,122.57,1.5361,8.4625,0.7429,1.2746,0.7357,1.4128,0.10633
2015/7/10,122.54,1.538,8.488,0.7447,1.2707,0.73179,1.403,0.10706
2015/7/13,120.71,1.5517,8.4272,0.7446,1.2658,0.73179,1.4116,0.10691
2015/7/14,121.34,1.5487,8.4896,0.7407,1.2741,0.73453,1.4202,0.10737
2015/7/15,122.78,1.5636,8.4957,0.7452,1.2728,0.73685,1.4271,0.10751
2015/7/16,123.43,1.5639,8.5065,0.7379,1.2913,0.7348,1.4223,0.10671
2015/7/17,123.4,1.5609,8.5524,0.7405,1.2957,0.73628,1.4234,0.1071
2015/7/20,123.76,1.56,8.6538,0.7371,1.2972,0.73894,1.4301,0.10697
2015/7/21,124.15,1.5564,8.6221,0.7372,1.2994,0.73419,1.4307,0.10644
2015/7/22,124.09,1.5557,8.5496,0.7419,1.2948,0.73382,1.4199,0.10628
2015/7/23,124.27,1.5613,8.5964,0.7377,1.3033,0.7341,1.4128,0.10602
2015/7/24,123.89,1.5514,8.5672,0.7356,1.3037,0.72825,1.4149,0.10599
2015/7/27,123.97,1.5508,8.5855,0.7282,1.3049,0.72381,1.4103,0.10558
2015/7/28,123.93,1.5559,8.5114,0.7269,1.3038,0.72152,1.3993,0.10538
2015/7/29,123.81,1.5613,8.5655,0.7338,1.2921,0.72074,1.4,0.10606
2015/7/30,123.25,1.5602,8.6392,0.7295,1.2945,0.72399,1.4079,0.10555
2015/7/31,123.56,1.5602,8.6237,0.7293,1.3,0.72576,1.4069,0.10556
2015/8/3,123.94,1.5622,8.6252,0.7308,1.3091,0.72905,1.4209,0.10551
2015/8/4,124.14,1.5587,8.6509,0.7286,1.3156,0.72641,1.4101,0.1054
2015/8/5,123.89,1.5564,8.7108,0.738,1.3193,0.72086,1.3958,0.10467
2015/8/6,124.03,1.5603,8.6986,0.7356,1.3177,0.71945,1.378,0.104
2015/8/7,124.38,1.5512,8.746,0.7346,1.311,0.72674,1.3575,0.10445
2015/8/10,124.87,1.5491,8.7662,0.7418,1.3131,0.73063,1.362,0.1046
2015/8/11,124.74,1.5592,8.6896,0.7413,1.3001,0.73694,1.3667,0.10428
2015/8/12,124.24,1.5572,8.6569,0.7304,1.3114,0.73481,1.3697,0.10579
2015/8/13,124.63,1.5613,8.5941,0.7379,1.2977,0.73455,1.3762,0.1058
2015/8/14,125.13,1.5611,8.4783,0.736,1.306,0.73575,1.3687,0.10576
2015/8/17,124.21,1.5642,8.5077,0.7379,1.3088,0.74037,1.3527,0.10607
2015/8/18,124.43,1.5586,8.5341,0.7372,1.3079,0.74021,1.3628,0.10555
2015/8/19,124.31,1.5661,8.5524,0.7341,1.3059,0.74873,1.3717,0.10445
2015/8/20,124.39,1.568,8.5232,0.7348,1.3129,0.75364,1.3609,0.10514
2015/8/21,124.41,1.569,8.5173,0.7337,1.3087,0.75055,1.3675,0.10432
2015/8/24,123.8,1.5694,8.353,0.7316,1.3189,0.74504,1.3743,0.10374
2015/8/25,123.4,1.5776,8.2464,0.7156,1.3287,0.74028,1.3714,0.10401
2015/8/26,122.04,1.5687,8.3695,0.713,1.3336,0.73499,1.3692,0.10504
2015/8/27,118.41,1.5463,8.4909,0.7122,1.3292,0.73147,1.3606,0.10571
2015/8/28,118.83,1.5403,8.4706,0.7166,1.3199,0.73503,1.3632,0.10528
2015/8/31,119.92,1.5391,8.4564,0.7173,1.32,0.73694,1.3615,0.10493
2015/9/1,121.03,1.5345,8.4731,0.7113,1.314,0.73447,1.3723,0.10561
2015/9/2,121.71,1.5304,8.4201,0.7019,1.3259,0.72865,1.3634,0.10693
2015/9/3,121.23,1.5299,8.4338,0.7039,1.3269,0.73752,1.3759,0.10631
2015/9/4,119.37,1.5258,8.4099,0.7017,1.3179,0.74129,1.3859,0.10599
2015/9/7,120.33,1.517,8.4369,0.6908,1.3282,0.74807,1.3806,0.1062
2015/9/8,120.07,1.5277,8.4443,0.6924,1.3307,0.74334,1.3629,0.10627
2015/9/9,118.99,1.5396,8.4053,0.7017,1.3208,0.74154,1.3572,0.10599
2015/9/10,119.28,1.5368,8.3948,0.7018,1.3259,0.74057,1.3561,0.10708
2015/9/11,119.81,1.5445,8.3647,0.7072,1.3252,0.7416,1.3495,0.10705
2015/9/14,120.5,1.5429,8.2364,0.7092,1.3264,0.7424,1.3468,0.10681
2015/9/15,120.62,1.5427,8.2564,0.7138,1.3265,0.74632,1.3532,0.10729
2015/9/16,120.59,1.5344,8.3097,0.7142,1.3249,0.7449,1.3515,0.10706
2015/9/17,120.23,1.5493,8.2562,0.7197,1.3172,0.74393,1.3532,0.1073
2015/9/18,120.42,1.5591,8.1689,0.7173,1.3183,0.74194,1.3537,0.10689
2015/9/21,120.57,1.5536,8.2473,0.7189,1.3226,0.73789,1.3509,0.107
2015/9/22,120.01,1.5507,8.3629,0.7132,1.3255,0.7415,1.3632,0.10609
2015/9/23,119.98,1.5365,8.405,0.7089,1.3272,0.73943,1.3611,0.10623
2015/9/24,120.56,1.5245,8.4365,0.7003,1.332,0.73206,1.3487,0.10617
2015/9/25,120.15,1.5242,8.3839,0.7024,1.3305,0.73338,1.3513,0.1051
2015/9/28,120.28,1.518,8.4139,0.7024,1.3337,0.73395,1.34,0.10601
2015/9/29,120.07,1.5174,8.4612,0.6989,1.3397,0.73344,1.349,0.10691
2015/9/30,120.59,1.5151,8.3865,0.6985,1.3422,0.73894,1.3574,0.10666
2015/10/1,119.92,1.5128,8.3699,0.7018,1.3313,0.73772,1.3605,0.1067
2015/10/2,119.74,1.5131,8.3769,0.703,1.3268,0.73866,1.3652,0.1072
2015/10/5,119.88,1.5185,8.3563,0.7045,1.3152,0.73545,1.3613,0.10772
2015/10/6,119.93,1.5146,8.3374,0.7083,1.3086,0.73535,1.36,0.10788
2015/10/7,119.91,1.5227,8.2365,0.7166,1.3034,0.74587,1.3857,0.10754
2015/10/8,120.46,1.5319,8.2483,0.7208,1.3057,0.74722,1.3899,0.1074
2015/10/9,120.23,1.5348,8.2461,0.726,1.3016,0.74676,1.3882,0.10762
2015/10/12,120.01,1.5322,8.1978,0.7336,1.2945,0.75129,1.3846,0.10796
2015/10/13,119.93,1.5348,8.1837,0.7362,1.2998,0.75593,1.3973,0.10744
2015/10/14,120.27,1.5248,8.1401,0.7245,1.3039,0.75208,1.3949,0.10665
2015/10/15,120.04,1.5477,8.1114,0.73,1.2936,0.75323,1.402,0.10688
2015/10/16,119.75,1.5459,8.2349,0.7329,1.2864,0.75177,1.3995,0.10612
2015/10/19,118.83,1.5438,8.2445,0.7264,1.2914,0.75333,1.4064,0.10613
2015/10/20,118.9,1.5465,8.3184,0.7248,1.3019,0.75717,1.4159,0.10588
2015/10/21,119.44,1.5444,8.3044,0.726,1.298,0.75468,1.3973,0.10651
2015/10/22,119.5,1.5417,8.3283,0.721,1.3139,0.75607,1.4011,0.10675
2015/10/23,119.84,1.5394,8.4492,0.7208,1.3088,0.75515,1.4059,0.1063
2015/10/26,119.93,1.5314,8.5044,0.7216,1.3166,0.75712,1.4098,0.10644
2015/10/27,120.69,1.5352,8.5068,0.7249,1.3153,0.75772,1.416,0.10713
2015/10/28,121.47,1.53,8.5011,0.7193,1.3269,0.75424,1.4087,0.1068
2015/10/29,121.1,1.5263,8.5458,0.7115,1.3191,0.7573,1.4148,0.10643
2015/10/30,120.46,1.531,8.5351,0.7074,1.3172,0.7597,1.4226,0.10644
2015/11/2,121.09,1.5428,8.5372,0.7138,1.308,0.76113,1.4295,0.10685
2015/11/3,121.13,1.5417,8.5287,0.7147,1.3094,0.75876,1.4294,0.10667
2015/11/4,120.62,1.5421,8.5347,0.7186,1.306,0.7582,1.4246,0.10652
2015/11/5,120.76,1.5386,8.6268,0.7149,1.315,0.76484,1.4266,0.10673
2015/11/6,121.07,1.5208,8.6267,0.7144,1.317,0.76536,1.4218,0.1071
2015/11/9,121.57,1.5053,8.7224,0.7043,1.3306,0.76678,1.4171,0.10731
2015/11/10,121.75,1.5115,8.6858,0.7047,1.3287,0.76718,1.424,0.1072
2015/11/11,123.13,1.5119,8.688,0.7032,1.3275,0.76887,1.4233,0.10715
2015/11/12,123.18,1.5213,8.682,0.7062,1.3262,0.76878,1.4193,0.10707
2015/11/13,123.15,1.5233,8.6279,0.7126,1.3291,0.76884,1.425,0.10725
2015/11/16,122.86,1.5237,8.6699,0.7127,1.3323,0.76544,1.4184,0.10729
2015/11/17,122.61,1.5203,8.7268,0.7096,1.3331,0.76442,1.4087,0.10752
2015/11/18,122.61,1.5213,8.7546,0.7111,1.3321,0.74562,1.3843,0.10745
2015/11/19,123.18,1.5237,8.7248,0.7111,1.3303,0.74671,1.3887,0.10774
2015/11/20,123.45,1.5291,8.6687,0.7194,1.3284,0.74792,1.3892,0.10784
2015/11/23,123.64,1.5191,8.7187,0.7239,1.3346,0.74678,1.3778,0.10806
2015/11/24,122.87,1.5124,8.7176,0.7192,1.3365,0.74694,1.377,0.10784
2015/11/25,122.81,1.5084,8.6956,0.7257,1.3305,0.75175,1.3856,0.10787
2015/11/26,122.84,1.5129,8.7285,0.7252,1.329,0.75211,1.385,0.10806
2015/11/27,122.53,1.5102,8.7377,0.7225,1.3294,0.75156,1.3775,0.10847
2015/11/30,122.74,1.5036,8.7361,0.7193,1.3371,0.7519,1.3761,0.10833
2015/12/1,122.57,1.5056,8.7276,0.7227,1.3362,0.74987,1.3749,0.10856
2015/12/2,122.8,1.5082,8.6802,0.7323,1.3358,0.75369,1.3764,0.10775
2015/12/3,123.11,1.4951,8.6779,0.7309,1.3343,0.7595,1.3706,0.10834
2015/12/4,122.87,1.5144,8.4829,0.7341,1.3355,0.75602,1.3637,0.10798
2015/12/7,123.24,1.5112,8.4824,0.7339,1.3362,0.75375,1.3533,0.10786
2015/12/8,122.61,1.5055,8.5455,0.7267,1.3499,0.7579,1.3629,0.10786
2015/12/9,123.11,1.5008,8.5125,0.7215,1.3585,0.7573,1.3599,0.1073
2015/12/10,123.37,1.5181,8.4096,0.7229,1.358,0.75832,1.3607,0.10706
2015/12/11,122.93,1.516,8.5177,0.7281,1.3625,0.75726,1.3567,0.10726
2015/12/14,121.44,1.5213,8.5024,0.7189,1.3756,0.76008,1.3569,0.10753
2015/12/15,121.56,1.5142,8.4817,0.7242,1.3734,0.75886,1.3548,0.1078
2015/12/16,121.01,1.5039,8.5082,0.7192,1.3733,0.76606,1.3571,0.10786
2015/12/17,121.03,1.5004,8.5008,0.7233,1.378,0.76411,1.3583,0.10756
2015/12/18,121.68,1.4901,8.5658,0.7129,1.3937,0.77285,1.3586,0.10777
2015/12/21,122.21,1.4895,8.5571,0.7176,1.3957,0.78144,1.3654,0.10832
2015/12/22,122.56,1.4885,8.5038,0.719,1.3959,0.78291,1.357,0.10856
2015/12/23,121.16,1.4828,8.4244,0.7236,1.392,0.77743,1.3372,0.10866
2015/12/24,121.19,1.4871,8.4417,0.7234,1.3849,0.78077,1.3328,0.10875
2015/12/25,121.07,1.491,8.394,0.7263,1.3821,0.78202,1.3392,0.10891
2015/12/28,120.92,1.4913,8.3907,0.728,1.3824,0.78281,1.3306,0.10925
2015/12/29,120.43,1.488,8.3726,0.7249,1.3905,0.78125,1.3245,0.10876
2015/12/30,120.33,1.4817,8.3814,0.7296,1.3844,0.7795,1.3265,0.10903
2015/12/31,120.4,1.4816,8.4074,0.7287,1.388,0.78285,1.3061,0.10889
2016/1/1,120.46,1.4736,8.4412,0.7286,1.3839,0.7823,1.3077,0.10867
2016/1/4,120.52,1.4746,8.4594,0.7303,1.3855,0.77934,1.298,0.1082
2016/1/5,120.22,1.4716,8.4956,0.7191,1.3953,0.78504,1.3031,0.10803
2016/1/6,120.55,1.4675,8.5981,0.7161,1.3996,0.78126,1.3079,0.10807
2016/1/7,119.44,1.463,8.5862,0.7072,1.4076,0.77968,1.3202,0.10771
2016/1/8,119.06,1.4618,8.4645,0.7012,1.4115,0.7792,1.3132,0.10784
2016/1/11,118.47,1.4517,8.501,0.6953,1.4172,0.77693,1.3201,0.10799
2016/1/12,117.67,1.4543,8.5388,0.6995,1.4216,0.77347,1.3067,0.10781
2016/1/13,117.26,1.4448,8.5293,0.6986,1.4262,0.76932,1.3128,0.10763
2016/1/14,117.76,1.4407,8.5286,0.6955,1.434,0.7623,1.3149,0.10672
2016/1/15,117.65,1.4413,8.5514,0.6985,1.4366,0.7591,1.3256,0.107
2016/1/18,117.68,1.4258,8.5819,0.6864,1.4541,0.76335,1.3198,0.10734
2016/1/19,118.06,1.4243,8.5776,0.6866,1.456,0.76401,1.3151,0.10688
2016/1/20,116.98,1.4158,8.541,0.6909,1.4579,0.76387,1.3016,0.10743
2016/1/21,117.32,1.4192,8.5923,0.6908,1.4504,0.76678,1.2992,0.10791
2016/1/22,117.64,1.4221,8.5605,0.6999,1.4266,0.77121,1.2894,0.1076
2016/1/25,116.94,1.4265,8.5845,0.7002,1.4119,0.769,1.2815,0.10771
2016/1/26,117.7,1.4249,8.566,0.6955,1.4291,0.78121,1.2861,0.10786
2016/1/27,118.78,1.435,8.5381,0.7005,1.4118,0.78551,1.2787,0.10744
2016/1/28,118.3,1.4234,8.5112,0.7027,1.4096,0.7846,1.2885,0.10762
2016/1/29,118.42,1.4362,8.5073,0.7084,1.4029,0.78216,1.294,0.1077
2016/2/1,118.68,1.4244,8.5789,0.7084,1.3976,0.78663,1.2837,0.10704
2016/2/2,118.82,1.4433,8.5281,0.7114,1.3948,0.78772,1.2846,0.10681
2016/2/3,121.14,1.441,8.5563,0.7039,1.4055,0.79489,1.291,0.10621
2016/2/4,120.99,1.4603,8.4313,0.7169,1.3781,0.79799,1.2942,0.10598
2016/2/5,119.97,1.4589,8.4005,0.7201,1.3754,0.80305,1.283,0.10579
2016/2/8,117.9,1.4503,8.454,0.7067,1.3917,0.80963,1.2725,0.10521
2016/2/9,116.78,1.4433,8.4454,0.7087,1.3927,0.80944,1.2645,0.10572
2016/2/10,116.87,1.4472,8.4158,0.707,1.3867,0.80327,1.2672,0.10544
2016/2/11,115.85,1.4522,8.3769,0.7095,1.3926,0.80259,1.2684,0.10574
2016/2/12,115.11,1.4477,8.3759,0.7109,1.3937,0.81619,1.2799,0.10565
2016/2/15,113.35,1.4503,8.4017,0.7112,1.385,0.80723,1.2837,0.1055
2016/2/16,112.42,1.4435,8.4859,0.7139,1.3834,0.81077,1.2954,0.10554
2016/2/17,113.25,1.4306,8.5055,0.7111,1.3864,0.80274,1.294,0.10663
2016/2/18,114.6,1.4294,8.5154,0.7185,1.3672,0.79877,1.293,0.10636
2016/2/19,114.07,1.4337,8.4441,0.7157,1.3726,0.80025,1.2951,0.10668
2016/2/22,114.1,1.4406,8.449,0.7148,1.3766,0.80637,1.2911,0.10696
2016/2/23,113.24,1.415,8.499,0.7227,1.3706,0.8021,1.2924,0.10695
2016/2/24,112.63,1.4022,8.4884,0.7202,1.3793,0.79014,1.2776,0.10678
2016/2/25,112.92,1.3927,8.4899,0.7196,1.3702,0.78784,1.2898,0.1068
2016/2/26,112.1,1.3962,8.5022,0.7236,1.353,0.79133,1.2881,0.10735
2016/2/29,112.18,1.3871,8.5638,0.7126,1.3513,0.79544,1.2739,0.10675
2016/3/1,113,1.3917,8.5672,0.7141,1.354,0.79146,1.2709,0.10688
2016/3/2,114,1.3952,8.6215,0.7175,1.341,0.79305,1.2795,0.10706
2016/3/3,112.69,1.4078,8.6092,0.7295,1.3417,0.79542,1.2848,0.1072
2016/3/4,114.01,1.4178,8.5264,0.7352,1.3404,0.79457,1.2782,0.10714
2016/3/7,113.48,1.4229,8.4843,0.7439,1.3317,0.79335,1.2667,0.10702
2016/3/8,113.69,1.4265,8.4714,0.7469,1.3282,0.79594,1.2626,0.10764
2016/3/9,113.74,1.4215,8.4849,0.7439,1.3409,0.79285,1.2664,0.10673
2016/3/10,113.46,1.4217,8.4465,0.7486,1.3248,0.79214,1.2654,0.10751
2016/3/11,112.62,1.4281,8.38,0.7454,1.3346,0.78733,1.2731,0.10795
2016/3/14,113.35,1.4382,8.3412,0.7565,1.3209,0.78547,1.2739,0.10826
2016/3/15,113.19,1.4302,8.3429,0.7515,1.326,0.78431,1.2682,0.10844
2016/3/16,113.86,1.4151,8.3149,0.7457,1.3356,0.78054,1.2619,0.10803
2016/3/17,113.82,1.4259,8.2151,0.7553,1.3097,0.78622,1.2486,0.10778
2016/3/18,113.18,1.4482,8.1792,0.7649,1.2976,0.78866,1.2523,0.10804
2016/3/21,112.56,1.4476,8.2316,0.7608,1.3004,0.79617,1.2439,0.10834
2016/3/22,111.39,1.4369,8.236,0.7578,1.3101,0.79902,1.239,0.10823
2016/3/23,111.55,1.4208,8.2291,0.7622,1.3049,0.8122,1.2354,0.10786
2016/3/24,111.95,1.4117,8.264,0.7532,1.3204,0.81181,1.239,0.10783
2016/3/25,112.37,1.4153,8.2934,0.7528,1.3248,0.81203,1.2483,0.1078
2016/3/28,112.38,1.4132,8.3044,0.7507,1.327,0.80913,1.2537,0.10804
2016/3/29,112.9,1.4254,8.2857,0.7545,1.3187,0.81129,1.2599,0.1085
2016/3/30,113.08,1.4384,8.1982,0.7627,1.3074,0.81131,1.2564,0.10826
2016/3/31,113.45,1.4378,8.1298,0.7671,1.2966,0.81482,1.2585,0.10788
2016/4/1,112.7,1.436,8.1178,0.7657,1.3004,0.81226,1.262,0.10802
2016/4/4,112.43,1.4227,8.137,0.7677,1.3011,0.80617,1.2677,0.10801
2016/4/5,112.57,1.4264,8.1281,0.7605,1.3088,0.80586,1.2687,0.10774
2016/4/6,111.69,1.4161,8.1335,0.7543,1.3137,0.80944,1.2689,0.10759
2016/4/7,111.34,1.4123,8.1498,0.7599,1.3089,0.79684,1.2838,0.1076
2016/4/8,110.34,1.4056,8.1687,0.7505,1.3145,0.79806,1.2852,0.10804
2016/4/11,109.79,1.4128,8.1539,0.7556,1.2988,0.79516,1.2905,0.10869
2016/4/12,108.21,1.4239,8.1136,0.7595,1.2898,0.7923,1.2845,0.10893
2016/4/13,108.07,1.4275,8.0807,0.7684,1.2759,0.81469,1.2869,0.10913
2016/4/14,107.94,1.4204,8.141,0.7653,1.2817,0.82131,1.2761,0.10897
2016/4/15,108.54,1.4155,8.1339,0.7695,1.2844,0.81468,1.2722,0.10889
2016/4/18,109.34,1.4202,8.1317,0.7725,1.2822,0.816,1.2643,0.1089
2016/4/19,109.4,1.4278,8.1169,0.775,1.2784,0.8134,1.262,0.10889
2016/4/20,108.76,1.4398,8.0853,0.7813,1.2671,0.81748,1.27,0.10881
2016/4/21,108.82,1.4332,8.1296,0.7794,1.2655,0.81855,1.2652,0.10923
2016/4/22,109.21,1.4323,8.1405,0.7738,1.2735,0.81108,1.2658,0.10905
2016/4/25,109.84,1.4403,8.1621,0.7708,1.2672,0.80474,1.2699,0.109
2016/4/26,109.46,1.4482,8.1316,0.7715,1.2678,0.80726,1.2644,0.10912
2016/4/27,111.79,1.4582,8.1198,0.7749,1.2604,0.80632,1.2702,0.10915
2016/4/28,111.2,1.4543,8.0942,0.7591,1.2599,0.81415,1.2702,0.10872
2016/4/29,111.31,1.4609,8.0691,0.7625,1.2555,0.81025,1.2722,0.10894
2016/5/2,111.46,1.4612,8.0324,0.7603,1.2556,0.80985,1.278,0.10793
2016/5/3,108.11,1.4673,7.9599,0.7667,1.253,0.80907,1.3016,0.10787
2016/5/4,106.5,1.4535,8.0585,0.7485,1.2724,0.81179,1.3043,0.1081
2016/5/5,106.41,1.4496,8.0689,0.7457,1.2869,0.80901,1.2922,0.10774
2016/5/6,106.6,1.4485,8.1112,0.7465,1.2853,0.81588,1.2909,0.1076
2016/5/9,107.01,1.4427,8.139,0.7366,1.2909,0.81606,1.3137,0.10776
2016/5/10,107.26,1.4407,8.1649,0.7316,1.2962,0.81357,1.3175,0.10752
2016/5/11,107.12,1.4442,8.1598,0.7363,1.291,0.81391,1.3106,0.1074
2016/5/12,108.32,1.4448,8.1405,0.7375,1.2853,0.81597,1.3154,0.10721
2016/5/13,109.27,1.4451,8.1836,0.7325,1.2846,0.80801,1.3145,0.10693
2016/5/16,108.41,1.4365,8.2488,0.7271,1.294,0.81128,1.3011,0.10705
2016/5/17,109.02,1.4402,8.261,0.7289,1.2895,0.81603,1.2885,0.10673
2016/5/18,108.63,1.4463,8.2565,0.7325,1.2909,0.82368,1.2935,0.10679
2016/5/19,109.03,1.4599,8.3534,0.7229,1.3034,0.82585,1.2774,0.10715
2016/5/20,109.14,1.4611,8.3582,0.7228,1.3094,0.81881,1.272,0.10688
2016/5/23,110.19,1.4502,8.3153,0.7222,1.3113,0.81992,1.2805,0.10796
2016/5/24,109.96,1.4484,8.3403,0.7224,1.3143,0.82023,1.2729,0.10804
2016/5/25,110.15,1.4636,8.3141,0.7183,1.3123,0.82484,1.2777,0.10784
2016/5/26,109.24,1.4697,8.2954,0.7198,1.302,0.83093,1.2674,0.10774
2016/5/27,109.99,1.467,8.2832,0.7226,1.2979,0.83341,1.2634,0.10772
2016/5/30,110.19,1.4623,8.351,0.7182,1.3021,0.84101,1.2593,0.1078
2016/5/31,109.76,1.464,8.3346,0.7183,1.3049,0.8378,1.2616,0.10774
2016/6/1,110.31,1.4483,8.3333,0.7234,1.3093,0.85445,1.2653,0.10768
2016/6/2,111.12,1.4416,8.2959,0.7257,1.3078,0.8511,1.273,0.10807
2016/6/3,110.73,1.4423,8.3286,0.7229,1.3096,0.85052,1.2986,0.10835
2016/6/6,109.54,1.4518,8.1425,0.7367,1.2937,0.84912,1.3031,0.1083
2016/6/7,108.87,1.4442,8.1246,0.7366,1.2817,0.84783,1.3019,0.10821
2016/6/8,106.53,1.4545,8.1289,0.7459,1.2735,0.8272,1.3072,0.10807
2016/6/9,107.56,1.4504,8.1097,0.7471,1.2693,0.88107,1.232,0.10695
2016/6/10,107.37,1.4458,8.1762,0.7431,1.2724,0.8893,1.1998,0.10751
2016/6/13,106.99,1.4257,8.3103,0.7373,1.2783,0.87951,1.2063,0.10737
2016/6/14,107.1,1.427,8.2354,0.7387,1.2837,0.87419,1.2073,0.10686
2016/6/15,106.97,1.4114,8.3101,0.7358,1.2872,0.87261,1.1984,0.10677
2016/6/16,106.26,1.4204,8.3107,0.7407,1.2912,0.87584,1.1918,0.10643
2016/6/17,106.11,1.4203,8.3394,0.7363,1.2967,0.87437,1.1917,0.10722
2016/6/20,106.01,1.4358,8.3314,0.7387,1.2894,0.88748,1.1757,0.10743
2016/6/21,104.26,1.4698,8.2444,0.7457,1.2806,0.88919,1.165,0.10711
2016/6/22,104.16,1.4652,8.2792,0.745,1.2817,0.89707,1.1669,0.1076
2016/6/23,103.94,1.4707,8.2619,0.7501,1.2844,0.89988,1.172,0.10623
2016/6/24,104.75,1.4877,8.1621,0.7613,1.2753,0.87969,1.1755,0.10601
2016/6/27,104.41,1.3679,8.4648,0.7466,1.3004,0.86369,1.1977,0.10624
2016/6/28,106.16,1.3225,8.5559,0.733,1.3072,0.86304,1.1854,0.10629
2016/6/29,102.22,1.3344,8.5067,0.7386,1.3025,0.85365,1.1999,0.10644
2016/6/30,102,1.3429,8.4569,0.7451,1.2935,0.86438,1.1949,0.10643
2016/7/1,102.75,1.3311,8.4597,0.7451,1.2924,0.85055,1.1968,0.10649
2016/7/4,102.83,1.3267,8.4361,0.7498,1.2912,0.85489,1.1896,0.10591
2016/7/5,103.2,1.3287,8.4181,0.7538,1.2846,0.84933,1.1991,0.10567
2016/7/6,102.52,1.3022,8.5237,0.7463,1.298,0.85711,1.1995,0.10536
2016/7/7,102.56,1.2931,8.5243,0.752,1.2962,0.85834,1.1942,0.10546
2016/7/8,101.74,1.2908,8.5792,0.7479,1.3002,0.85961,1.195,0.10546
2016/7/11,101.32,1.2954,8.5814,0.7569,1.3044,0.8698,1.195,0.10587
2016/7/12,100.77,1.2998,8.5747,0.7532,1.3117,0.85801,1.1957,0.10612
2016/7/13,100.54,1.3247,8.54,0.7623,1.3042,0.85769,1.1884,0.10583
2016/7/14,102.8,1.3147,8.4974,0.7608,1.2978,0.8768,1.1841,0.10553
2016/7/15,104.69,1.3343,8.4973,0.7632,1.2892,0.87483,1.1805,0.10559
2016/7/18,104.49,1.3192,8.588,0.7578,1.2974,0.88299,1.1901,0.10536
2016/7/19,105.35,1.3255,8.5489,0.7591,1.2945,0.88589,1.1952,0.10559
2016/7/20,104.88,1.3111,8.6118,0.7504,1.302,0.8877,1.1777,0.10552
2016/7/21,106.16,1.3208,8.5992,0.7478,1.3057,0.88581,1.179,0.10528
2016/7/22,106.12,1.3233,8.5941,0.7495,1.3088,0.88029,1.1761,0.10524
2016/7/25,106.89,1.3109,8.6513,0.7462,1.3127,0.88288,1.1697,0.10512
2016/7/26,105.82,1.314,8.6407,0.747,1.3217,0.88329,1.1641,0.1048
2016/7/27,106.13,1.313,8.6601,0.7502,1.3188,0.88066,1.1633,0.1045
2016/7/28,105.81,1.3223,8.6287,0.7491,1.3189,0.88409,1.1572,0.10455
2016/7/29,104.66,1.3164,8.6397,0.7503,1.3156,0.8831,1.1517,0.10422
2016/8/1,105.4,1.323,8.5569,0.7596,1.303,0.88394,1.1568,0.10468
2016/8/2,105.27,1.3179,8.5954,0.7536,1.3124,0.88338,1.1552,0.10495
2016/8/3,102.06,1.3357,8.5133,0.7609,1.311,0.88173,1.1598,0.10546
2016/8/4,102.39,1.3325,8.5468,0.7588,1.3067,0.88109,1.1541,0.10529
2016/8/5,100.89,1.3107,8.5204,0.7628,1.3019,0.88052,1.1605,0.1051
2016/8/8,101.24,1.3073,8.5668,0.7619,1.3172,0.88236,1.1674,0.10542
2016/8/9,101.22,1.304,8.5805,0.7651,1.3154,0.88384,1.1747,0.10573
2016/8/10,101.82,1.3003,8.533,0.7673,1.3119,0.88134,1.1689,0.10595
2016/8/11,102.45,1.301,8.4643,0.7703,1.3058,0.8772,1.1731,0.10598
2016/8/12,101.88,1.2956,8.4728,0.7699,1.2993,0.87693,1.1712,0.10572
2016/8/15,101.29,1.292,8.4536,0.7652,1.2951,0.87162,1.1741,0.10537
2016/8/16,101.96,1.288,8.4572,0.7674,1.2924,0.8665,1.1775,0.10513
2016/8/17,101.3,1.3046,8.4148,0.7695,1.2863,0.86515,1.185,0.10553
2016/8/18,101.26,1.3042,8.4247,0.7655,1.2844,0.86207,1.1918,0.10532
2016/8/19,100.31,1.3168,8.3467,0.7686,1.2782,0.86723,1.1934,0.10548
2016/8/22,100.28,1.3075,8.3852,0.7627,1.2871,0.8709,1.1942,0.10558
2016/8/23,99.89,1.3137,8.3741,0.7626,1.2946,0.87447,1.1871,0.10571
2016/8/24,100.22,1.3198,8.3787,0.7615,1.2913,0.86645,1.1807,0.10541
2016/8/25,100.33,1.3232,8.3966,0.7613,1.2927,0.86691,1.1814,0.1053
2016/8/26,100.24,1.3192,8.4064,0.7618,1.2922,0.87403,1.1871,0.10556
2016/8/29,100.45,1.3137,8.4817,0.7564,1.3003,0.86899,1.1759,0.10508
2016/8/30,100.53,1.3106,8.4667,0.7569,1.3011,0.86782,1.1766,0.1047
2016/8/31,101.84,1.308,8.5398,0.7509,1.3099,0.8712,1.1775,0.10441
2016/9/1,101.92,1.3138,8.5605,0.7517,1.3105,0.8763,1.1655,0.10441
2016/9/2,102.96,1.3268,8.5535,0.7551,1.3103,0.87802,1.166,0.1047
2016/9/5,103.43,1.3294,8.5865,0.7573,1.2993,0.88166,1.1648,0.10486
2016/9/6,103.23,1.3304,8.5687,0.7582,1.2928,0.89073,1.1648,0.10539
2016/9/7,103.92,1.344,8.4675,0.7687,1.2844,0.88541,1.1669,0.10519
2016/9/8,103.43,1.3341,8.4427,0.7673,1.2884,0.88191,1.155,0.10483
2016/9/9,102.02,1.3295,8.4419,0.7643,1.2937,0.88563,1.1529,0.10493
2016/9/12,101.74,1.3267,8.4937,0.7541,1.3049,0.8878,1.1613,0.10452
2016/9/13,102.49,1.3337,8.4773,0.7566,1.304,0.88536,1.1606,0.10472
2016/9/14,102.69,1.3193,8.5259,0.7464,1.3176,0.88183,1.1556,0.10485
2016/9/15,101.85,1.3235,8.4867,0.7469,1.3195,0.87772,1.1543,0.10464
2016/9/16,102.56,1.3239,8.4824,0.7515,1.316,0.87755,1.1455,0.10448
2016/9/19,102.43,1.3002,8.5663,0.7491,1.3212,0.86725,1.1361,0.10429
2016/9/20,102.1,1.303,8.5652,0.7534,1.3203,0.86227,1.1378,0.10444
2016/9/21,102.29,1.2988,8.5988,0.7556,1.3189,0.86253,1.1313,0.10436
2016/9/22,101.93,1.3032,8.5567,0.7624,1.3101,0.86734,1.1104,0.10429
2016/9/23,101.7,1.3078,8.5494,0.7643,1.3042,0.86645,1.1099,0.10405
2016/9/26,100.32,1.2966,8.5421,0.7623,1.3172,0.87407,1.0967,0.10372
2016/9/27,100.76,1.2975,8.5334,0.7636,1.3227,0.87184,1.1091,0.1041
2016/9/28,101.02,1.3023,8.5971,0.7667,1.3196,0.87214,1.1083,0.10394
2016/9/29,100.33,1.3019,8.5638,0.7692,1.308,0.87497,1.1109,0.10381
2016/9/30,100.43,1.2968,8.5736,0.7636,1.3146,0.87502,1.1076,0.10413
